client_id,client_name,gst_number,contact_person,contact_phone,contact_email,address_line1,address_line2,city,state,pincode,created_at
1,Saini LLC,27ABCDE0001F1Z1,Charvi Sidhu,+917914557667,agrawalshalv@yahoo.com,"79/60
Buch Nagar",Balay Path,New Delhi,Delhi,265989,2024-06-28 10:43:42
2,Mann Group,27ABCDE0002F1Z2,Ayesha Wadhwa,+911270490875,mohanlal73@hotmail.com,"94/623
Datta Ganj",Kar Ganj,New Delhi,Delhi,515365,2023-01-13 07:36:11
3,"Zacharia, Sarkar and Dass",27ABCDE0003F1Z3,Dhanush Garg,+910035815322,majumdarfaiyaz@bava.info,"161, Wali Zila",Mannan Road,Chennai,Tamil Nadu,770729,2022-05-16 02:24:33
4,Datta-Mand,27ABCDE0004F1Z4,Raunak Dara,+914939173430,wrandhawa@hotmail.com,"48/463
Halder Marg",Dhar Nagar,Surat,Gujarat,655136,2021-11-22 10:17:23
5,Kale PLC,27ABCDE0005F1Z5,Ahana  Thaker,+916599165237,shuklaanvi@madan-sharaf.com,"08, Sinha Marg",Dugar Path,Coimbatore,Tamil Nadu,132289,2022-01-07 15:14:12
6,Zacharia-Mahal,27ABCDE0006F1Z6,Aarav Verma,02334689077,eva95@yahoo.com,"02/224
Karnik",Taneja Path,Ahmedabad,Gujarat,014752,2024-04-15 08:43:58
7,Wadhwa-Upadhyay,27ABCDE0007F1Z7,Priyansh Golla,8291644833,dharmajan32@yahoo.com,"90
Dewan Street",Rege Road,Nagpur,Maharashtra,981711,2024-05-07 15:39:01
8,"Tailor, Ganesh and Kuruvilla",27ABCDE0008F1Z8,Zara Suri,+919253760350,purabkrish@sarma.org,"H.No. 88
Rao Nagar",Bhakta Street,Chennai,Tamil Nadu,433754,2025-02-24 20:09:51
9,Deol Inc,27ABCDE0009F1Z9,Vidur Dalal,05164911720,hiransinha@tella.com,"H.No. 343
Srivastava Zila",Bhasin,Coimbatore,Tamil Nadu,302447,2022-02-21 07:13:14
10,Yogi-Jaggi,27ABCDE0010F1Z0,Manikya Choudhry,09704146449,qsachdeva@ganguly.org,"H.No. 66, Savant Path",Raval Ganj,Coimbatore,Tamil Nadu,252605,2023-06-02 12:14:15
11,Savant-Chad,27ABCDE0011F1Z1,Indrans Bora,8194136077,gokulvyas@yahoo.com,"H.No. 65
Atwal Ganj",Ramachandran Ganj,Mysuru,Karnataka,800516,2021-06-26 08:25:13
12,Tella-Sheth,27ABCDE0012F1Z2,Saira Kulkarni,01591719356,hunarthakkar@dora-srinivas.com,"77/43, Ratta Ganj",Mammen Ganj,New Delhi,Delhi,242318,2020-05-28 09:01:16
13,Vala-Raju,27ABCDE0013F1Z3,Nehmat Hayre,08306882769,nishith56@sathe-gupta.net,"H.No. 16, Chaudhry Zila",Bala Circle,Surat,Gujarat,948495,2023-04-26 12:28:54
14,Taneja and Sons,27ABCDE0014F1Z4,Keya Gera,+917982921452,kumaranvi@dutt.biz,"H.No. 059
Seshadri Street",Samra Circle,Ahmedabad,Gujarat,722079,2022-08-31 17:41:30
15,Raman Ltd,27ABCDE0015F1Z5,Jiya Lad,+919475229662,mbumb@gmail.com,"H.No. 103, Seshadri Circle",Shere,Nagpur,Maharashtra,391922,2021-09-13 13:52:01
16,Sankar and Sons,27ABCDE0016F1Z6,Adah Ganesan,+917248886779,rohan41@randhawa-divan.org,"57/57, Bhatti Nagar",Bhagat Marg,New Delhi,Delhi,280070,2020-07-19 16:36:12
17,Lata-Khosla,27ABCDE0017F1Z7,Yakshit Sami,9559834674,suhana56@sathe-zacharia.com,"09/433, Deo Circle",Johal Marg,New Delhi,Delhi,003674,2023-06-24 14:56:32
18,Sura-Lall,27ABCDE0018F1Z8,Seher Sridhar,8684926636,badalkanav@din-chahal.info,"94/01, Ranganathan Street",Kakar Path,Surat,Gujarat,283843,2022-01-20 12:50:57
19,"Chauhan, Swamy and Soman",27ABCDE0019F1Z9,Ela Banerjee,02378770883,kimaya71@mangal.com,"H.No. 21
Wable Street",Barad Road,New Delhi,Delhi,654526,2023-06-14 02:09:37
20,Dasgupta Ltd,27ABCDE0020F1Z0,Shray Joshi,3998272450,bediabram@gmail.com,"H.No. 255
Bhavsar Marg",Choudhry Zila,Chennai,Tamil Nadu,686467,2022-04-20 08:42:47
21,Kannan-Mand,27ABCDE0021F1Z1,Dhruv Ramachandran,+911458527844,indrajitsuri@hotmail.com,"H.No. 319, Barad Road",Garde Marg,Ahmedabad,Gujarat,917110,2023-08-22 11:18:39
22,Solanki Group,27ABCDE0022F1Z2,Sahil Datta,+914397356643,maniaarush@cheema.com,"25/086, Viswanathan Circle",De Marg,Coimbatore,Tamil Nadu,880488,2020-02-16 08:31:17
23,Buch-Thakur,27ABCDE0023F1Z3,Samar Barman,04579662900,usachdeva@hotmail.com,"31/561
Vig Ganj",Loke Road,Nagpur,Maharashtra,424461,2025-04-16 14:05:04
24,Bains-Saini,27ABCDE0024F1Z4,Zoya Som,1057661292,krish48@khare-behl.com,"507
Gokhale Ganj",Yohannan Circle,Ahmedabad,Gujarat,523022,2025-02-23 05:04:23
25,Bhattacharyya-Upadhyay,27ABCDE0025F1Z5,Nakul Agrawal,09831396932,reneeramesh@yahoo.com,"23/66
Bhatt Chowk",Dora Marg,New Delhi,Delhi,751039,2020-07-25 07:59:41
26,Sahni-Sen,27ABCDE0026F1Z6,Khushi Chandran,+911799790911,rajagopalheer@hotmail.com,"75
Gupta Street",Chacko Chowk,New Delhi,Delhi,877010,2022-01-10 10:24:25
27,Bhattacharyya Group,27ABCDE0027F1Z7,Aarav Madan,06041767027,eshani59@yahoo.com,"H.No. 677
Mangat Circle",Issac Zila,New Delhi,Delhi,351179,2022-01-29 15:50:41
28,De LLC,27ABCDE0028F1Z8,Nakul Kapoor,04087524526,charvi34@bahri.com,"H.No. 040
Chahal Path",Varghese Chowk,Bengaluru,Karnataka,480931,2021-01-25 13:52:51
29,Bera PLC,27ABCDE0029F1Z9,Anaya Grewal,3689937021,daraoorja@hotmail.com,"22, Mani Zila",Gola Road,Coimbatore,Tamil Nadu,274265,2024-05-25 16:07:29
30,Tiwari-Bansal,27ABCDE0030F1Z0,Anvi Sankaran,+915746840413,jhanvi67@verma.com,"H.No. 23
Samra Road",Dugal Marg,Pune,Maharashtra,155370,2025-05-20 04:32:30
31,Sunder Ltd,27ABCDE0031F1Z1,Dhruv Tara,1731490606,heermajumdar@yahoo.com,"40/762
Shroff",Bala Road,Mumbai,Maharashtra,362603,2023-06-10 07:10:21
32,Behl-Mandal,27ABCDE0032F1Z2,Neysa Bhakta,+916278269199,nayantarabehl@hotmail.com,"H.No. 85, Bajaj",Saha Chowk,Chennai,Tamil Nadu,911698,2021-02-20 04:16:07
33,"Zacharia, Sachdeva and Chahal",27ABCDE0033F1Z3,Ehsaan Mann,2684469291,pvarty@hotmail.com,"630
Sagar",Kalita Road,Ahmedabad,Gujarat,062058,2023-11-01 01:05:54
34,"Andra, Biswas and Kota",27ABCDE0034F1Z4,Saira Raju,03195670520,lakshaybansal@yahoo.com,"46/410, Virk Path",Srinivasan Nagar,Surat,Gujarat,592240,2024-04-24 05:13:39
35,Mandal Ltd,27ABCDE0035F1Z5,Tanya Shanker,08098732452,bhavin65@ganesan.com,"04/366, Seshadri Chowk",Lall Zila,Chennai,Tamil Nadu,276218,2025-02-28 10:15:56
36,Banerjee Inc,27ABCDE0036F1Z6,Krish Saraf,8649993580,bbhasin@gmail.com,"H.No. 142, Majumdar Circle",Jha,Mysuru,Karnataka,468914,2022-11-10 08:40:39
37,Gopal PLC,27ABCDE0037F1Z7,Divit Chhabra,02889224334,pari37@yahoo.com,"H.No. 10, Dewan Nagar",Varughese Nagar,Surat,Gujarat,127265,2025-08-10 02:28:50
38,Mann-Sani,27ABCDE0038F1Z8,Vihaan Ratti,3046350892,oorja87@acharya.com,"H.No. 405
Bhat Zila",Vora Road,Bengaluru,Karnataka,699790,2021-09-08 11:58:48
39,Kapoor PLC,27ABCDE0039F1Z9,Aaina Aurora,06024765094,alisha01@hotmail.com,"H.No. 258, Chakraborty Road",Kannan Path,Coimbatore,Tamil Nadu,336506,2022-10-04 21:30:23
40,Bhagat Group,27ABCDE0040F1Z0,Emir Divan,+913426808389,xsastry@gmail.com,"675, Kala Marg",Krish Chowk,Coimbatore,Tamil Nadu,206657,2023-11-28 17:25:30
41,Saha PLC,27ABCDE0041F1Z1,Sana Gala,4601963284,sbatta@gmail.com,"79/34
Raj Nagar",Master Path,Mysuru,Karnataka,400231,2021-07-13 13:35:25
42,Mander-Dasgupta,27ABCDE0042F1Z2,Abram Khalsa,+916146023215,mamooty60@ghose.info,"H.No. 44, Lad Chowk",Ahluwalia Marg,Ahmedabad,Gujarat,244274,2022-03-10 07:26:29
43,"Sidhu, Sanghvi and Shere",27ABCDE0043F1Z3,Kaira Bedi,+917428228634,ylal@sangha.com,"088
Hans Road",Uppal Path,Mysuru,Karnataka,102200,2020-02-14 15:15:20
44,Wali-Gola,27ABCDE0044F1Z4,Vivaan Singh,6093382704,suhana30@gmail.com,"237, Chanda Marg",Grover Path,Bengaluru,Karnataka,418417,2020-05-10 09:14:53
45,Sur LLC,27ABCDE0045F1Z5,Piya Chanda,+911577504744,rajumishti@sarna-dua.com,"72/05, Verma Circle",Chaudry Ganj,Mumbai,Maharashtra,223720,2023-02-14 17:14:48
46,Rau PLC,27ABCDE0046F1Z6,Jayant Dave,+913999481043,vartyzoya@gmail.com,"H.No. 27, Chaudhary Zila",Butala Path,Pune,Maharashtra,212341,2024-07-17 18:28:33
47,Sanghvi-Gole,27ABCDE0047F1Z7,Vedika Wagle,5432739362,goswamirohan@iyer-sarkar.org,"H.No. 63, Cherian Nagar",Shanker Marg,Coimbatore,Tamil Nadu,206424,2024-06-27 16:39:49
48,Choudhury-Goel,27ABCDE0048F1Z8,Indranil Gandhi,+917579673101,zoya65@mangat.com,"29/028
Ramakrishnan Nagar",Balay,Mysuru,Karnataka,840998,2020-07-13 11:56:13
49,"Desai, Tripathi and Krish",27ABCDE0049F1Z9,Advika Khurana,+918461584691,hrishitabaral@hotmail.com,"099
Buch Path",Varkey Street,Bengaluru,Karnataka,456803,2025-05-24 16:11:34
50,Sehgal-Deshmukh,27ABCDE0050F1Z0,Uthkarsh Yogi,05885861152,savantonkar@golla.com,"50/41, Kaur Nagar",Char Nagar,Surat,Gujarat,319623,2020-10-09 07:53:27
51,Ratti-Suresh,27ABCDE0051F1Z1,Pihu Lal,02888100163,shlok98@hotmail.com,"095
Bora Chowk",Butala Chowk,Coimbatore,Tamil Nadu,220973,2021-10-25 05:21:19
52,Suri Ltd,27ABCDE0052F1Z2,Miraya Rao,05970454819,danichirag@bhagat.com,"571
Dayal Zila",Sura Marg,New Delhi,Delhi,484994,2021-12-03 09:37:03
53,Suri and Sons,27ABCDE0053F1Z3,Miraya Ramakrishnan,9383743208,dashhimmat@lall-sule.info,"52/696
Cherian Chowk",Doctor Street,Mysuru,Karnataka,155146,2020-12-31 19:11:27
54,Ganesh PLC,27ABCDE0054F1Z4,Emir Mangat,+911240544684,rattirati@bava-ratti.biz,"H.No. 318, Bava Ganj",Ghosh Circle,Coimbatore,Tamil Nadu,522383,2023-02-22 00:22:37
55,Dar-Sarma,27ABCDE0055F1Z5,Amani Bir,1477461967,karnikmyra@gmail.com,"H.No. 87
Kari Street",Wason Chowk,Mumbai,Maharashtra,668696,2022-04-29 22:56:35
56,Rajan-Sandhu,27ABCDE0056F1Z6,Lagan Dani,0750003867,chiragsabharwal@vyas.com,"62/822, Chad",Mani Chowk,Ahmedabad,Gujarat,056153,2022-06-22 22:00:11
57,Swaminathan-Mahal,27ABCDE0057F1Z7,Taran Rattan,08492536521,kchopra@yahoo.com,"22/831, Randhawa Zila",Rege Street,Surat,Gujarat,094879,2022-05-08 19:48:23
58,Bakshi Ltd,27ABCDE0058F1Z8,Vihaan Sodhi,04176160912,lakshitmaster@gmail.com,"H.No. 16
Sagar",Kohli Street,Bengaluru,Karnataka,780440,2022-04-12 19:58:04
59,Dhingra and Sons,27ABCDE0059F1Z9,Veer Sidhu,5804547710,kapadiahazel@gmail.com,"08/659, Bhatti Street",Gade Marg,New Delhi,Delhi,261230,2021-02-28 15:35:22
60,Bali-Kant,27ABCDE0060F1Z0,Tarini Ratti,6197650698,nram@khalsa-tailor.com,"600, Chaudhuri",Comar Street,Nagpur,Maharashtra,021861,2022-06-30 08:58:10
61,Bal LLC,27ABCDE0061F1Z1,Aarush Bhasin,05820546805,hdani@yahoo.com,"02/506
Grewal Street",Mani Chowk,Nagpur,Maharashtra,354121,2024-04-13 18:44:59
62,Chhabra LLC,27ABCDE0062F1Z2,Mamooty Agrawal,9016430800,prisha30@yahoo.com,"87/058
Banerjee Circle",Yadav Circle,Mumbai,Maharashtra,133498,2022-03-27 14:44:19
63,Wagle PLC,27ABCDE0063F1Z3,Eshani Ravel,+913657967750,rbahri@gmail.com,"56/865, Mani Street",Chada Zila,Surat,Gujarat,359830,2021-02-15 07:20:22
64,Suri and Sons,27ABCDE0064F1Z4,Nakul Balay,+914351848732,dsinha@hotmail.com,"H.No. 918
Bora Zila",Brar Nagar,Pune,Maharashtra,897428,2024-11-02 14:37:29
65,Sarna Group,27ABCDE0065F1Z5,Nirvaan Roy,+913969290798,manjarigopal@mani.com,"H.No. 45, Babu Circle",Baral Ganj,Coimbatore,Tamil Nadu,029445,2021-07-18 13:42:48
66,"Bora, Wason and Buch",27ABCDE0066F1Z6,Renee Sathe,02153619968,eshanibatta@yahoo.com,"545, Halder Nagar",Bawa,Ahmedabad,Gujarat,028400,2024-09-20 08:04:11
67,Dubey Group,27ABCDE0067F1Z7,Veer Ganesan,02311715217,taimurseth@yahoo.com,"63, Sinha Road",Lalla Circle,New Delhi,Delhi,502657,2024-02-20 16:33:48
68,"Dave, Vasa and Dave",27ABCDE0068F1Z8,Bhavin Chana,+914473906539,devanhiran@hotmail.com,"H.No. 24, Kalita Street",Baria Road,Coimbatore,Tamil Nadu,068737,2023-04-23 01:20:31
69,Kanda Group,27ABCDE0069F1Z9,Jivika Bose,8769560638,karidishani@gmail.com,"98/420, Lall Road",Varma Marg,Nagpur,Maharashtra,559949,2020-03-23 15:21:34
70,Char LLC,27ABCDE0070F1Z0,Kashvi Kala,+916967452045,madanjivika@gera.info,"980
Choudhary Marg",Bhavsar Nagar,Mumbai,Maharashtra,881062,2022-09-05 02:28:35
71,Gandhi-Thakkar,27ABCDE0071F1Z1,Madhav Lata,+914617911379,eshanibath@sekhon.com,"H.No. 46, Jha Chowk",Malhotra Circle,Mysuru,Karnataka,225120,2020-11-01 17:42:42
72,Chanda Ltd,27ABCDE0072F1Z2,Kaira Kade,6988484102,samiha62@yahoo.com,"22/07, Bansal Path",Seth Circle,Chennai,Tamil Nadu,218796,2022-12-08 13:06:31
73,"Gandhi, Yadav and Kothari",27ABCDE0073F1Z3,Mamooty Suri,02309337301,onkar27@sampath.com,"43, Suresh Ganj",Raj Zila,Bengaluru,Karnataka,387925,2022-03-14 22:37:13
74,"Karpe, Magar and Ramanathan",27ABCDE0074F1Z4,Inaaya  Chakrabarti,+918163048044,ydayal@sule-dey.net,"H.No. 43, Sen Zila",Kant Nagar,Mumbai,Maharashtra,612958,2021-07-26 20:26:57
75,"Chauhan, Ramachandran and Krish",27ABCDE0075F1Z5,Hunar Ahluwalia,+910297217827,cramanathan@gmail.com,"H.No. 723, Setty Path",Sarraf Path,Ahmedabad,Gujarat,274575,2020-02-26 23:00:06
76,"Chana, Borah and Krish",27ABCDE0076F1Z6,Indranil Banerjee,+918464069141,waurora@bedi.info,"23/86, Sur Chowk",Goel Chowk,Chennai,Tamil Nadu,032120,2024-11-20 02:20:27
77,"Trivedi, Iyengar and Kant",27ABCDE0077F1Z7,Madhup Bansal,0826833286,magarpihu@hotmail.com,"H.No. 432
Krish Zila",Bansal Nagar,Pune,Maharashtra,786435,2022-07-07 16:49:48
78,"Sarin, Bhakta and Sunder",27ABCDE0078F1Z8,Yakshit Salvi,+916942273334,sairaacharya@khare.com,"H.No. 314, Mall Nagar",Anne Nagar,New Delhi,Delhi,562200,2025-08-08 00:56:49
79,"Sinha, Khosla and Shah",27ABCDE0079F1Z9,Tara Swaminathan,03106356989,nanne@sodhi.com,"74/93, Shanker",Doctor Road,Bengaluru,Karnataka,906434,2023-09-18 05:07:34
80,Shukla Group,27ABCDE0080F1Z0,Lakshay Lad,+910914909456,parinaaz18@gmail.com,"00/73
Jayaraman Street",Shere Street,Mysuru,Karnataka,530397,2021-04-16 10:43:41
81,Bhavsar-Salvi,27ABCDE0081F1Z1,Ela Kibe,06478858776,yuvraj-suresh@sunder.com,"39/059, Sagar Ganj",Dugal,Surat,Gujarat,499755,2022-03-20 07:00:11
82,Srinivas and Sons,27ABCDE0082F1Z2,Saira Sidhu,+915519597034,qkala@gmail.com,"H.No. 26
Borde Ganj",Kar Road,Bengaluru,Karnataka,078328,2023-05-23 04:21:24
83,"Kota, Raman and Mallick",27ABCDE0083F1Z3,Tarini Doctor,09133602559,msani@wali.com,"H.No. 02, Tiwari Zila",Ben Path,Mumbai,Maharashtra,040604,2025-02-10 04:28:22
84,Cherian-Sehgal,27ABCDE0084F1Z4,Heer Sanghvi,+914243386518,divyanshanne@bir.biz,"23, Tiwari Ganj",Sarna Street,Mysuru,Karnataka,119698,2020-02-29 09:49:20
85,Karnik and Sons,27ABCDE0085F1Z5,Neelofar Sami,7485752070,misha87@bajwa-walia.com,"28
Devan",Tak Street,Chennai,Tamil Nadu,668165,2022-05-24 06:36:11
86,Thakur-Jhaveri,27ABCDE0086F1Z6,Rasha Kumar,+919186510351,taransethi@sem-kothari.com,"H.No. 07, Krishnamurthy Circle",Lal Chowk,Surat,Gujarat,263980,2021-01-08 18:47:48
87,Shere and Sons,27ABCDE0087F1Z7,Riya Saxena,9833734788,bhattkiara@hotmail.com,"H.No. 64
Ratta",Som,New Delhi,Delhi,223408,2021-01-03 19:31:47
88,Datta-Koshy,27ABCDE0088F1Z8,Faiyaz Yogi,+918794145201,nirvaanthakkar@ravi.org,"H.No. 63, Vaidya Path",Sekhon Road,Mysuru,Karnataka,596449,2020-04-15 16:46:58
89,"Mammen, Sahota and Bedi",27ABCDE0089F1Z9,Baiju Dhar,+918879662864,miraya14@hotmail.com,"909
Bandi Road",Apte Chowk,Coimbatore,Tamil Nadu,048235,2023-10-06 05:14:08
90,Magar Ltd,27ABCDE0090F1Z0,Hrishita Ratta,+914027063693,rarora@gmail.com,"19/14, Warrior Circle",Dyal Marg,Coimbatore,Tamil Nadu,620209,2023-04-12 19:57:37
91,Ratti PLC,27ABCDE0091F1Z1,Mehul Choudhury,+916561344650,gsrinivas@toor.com,"H.No. 95, Dugar Nagar",Dar Road,Surat,Gujarat,721382,2025-01-02 16:00:38
92,"Krish, Bandi and Ramaswamy",27ABCDE0092F1Z2,Stuvan Kamdar,+913180381907,waglekiaan@kota.info,"47, Chadha Zila",Saxena Street,Ahmedabad,Gujarat,895710,2020-03-03 21:25:27
93,Dugal LLC,27ABCDE0093F1Z3,Myra Mani,8712457880,prishaamble@yahoo.com,"342
Hayer Street",Virk Nagar,New Delhi,Delhi,604891,2023-07-09 02:34:40
94,"Ravel, Bava and Sem",27ABCDE0094F1Z4,Chirag Bhagat,1407337216,kimaya00@setty.com,"177
Bhargava Marg",Divan Circle,Pune,Maharashtra,756094,2024-07-02 02:54:58
95,Butala Ltd,27ABCDE0095F1Z5,Suhana Din,+915315849290,inaaya-27@yahoo.com,"96/246, Dutt Street",Bora Path,Pune,Maharashtra,002646,2022-12-07 05:22:25
96,"Halder, Bhandari and Sarkar",27ABCDE0096F1Z6,Keya Gupta,+913066006895,hazelyogi@bala-singhal.com,"H.No. 11
Barad Chowk",Swamy Zila,Mumbai,Maharashtra,756961,2023-11-17 11:20:10
97,Loke and Sons,27ABCDE0097F1Z7,Rania Aggarwal,8413112343,anandamani@borah.com,"H.No. 913, Dar Zila",Mall Ganj,Coimbatore,Tamil Nadu,253532,2025-07-10 07:18:39
98,Wason Group,27ABCDE0098F1Z8,Mamooty Edwin,+917339246747,joshiarmaan@hotmail.com,"H.No. 01
Sood Nagar",Viswanathan Chowk,Ahmedabad,Gujarat,951969,2022-12-09 02:04:01
99,Dugal-Gupta,27ABCDE0099F1Z9,Samaira Loke,3509528729,ahana-agate@yahoo.com,"45/62, Jani Chowk",Garde Circle,Ahmedabad,Gujarat,299070,2022-09-09 07:25:25
100,"Johal, Barad and Chandra",27ABCDE0100F1Z0,Mamooty Subramanian,1890337404,rhea97@yogi.com,"69/64
Mane Zila",Sood Street,Bengaluru,Karnataka,840808,2022-06-25 10:21:10
101,Balay Group,27ABCDE0101F1Z1,Advika Subramaniam,04753053057,abram79@lalla.biz,"393
Kuruvilla Chowk",Rajan Chowk,Ahmedabad,Gujarat,712116,2020-10-08 17:18:34
102,Batta PLC,27ABCDE0102F1Z2,Vaibhav Lalla,6699921386,ranbirshah@hotmail.com,"79/229
Deshpande Zila",Warrior,Mysuru,Karnataka,675463,2022-09-22 06:09:00
103,Subramaniam-Hegde,27ABCDE0103F1Z3,Seher Keer,8255301515,sairabawa@balakrishnan-sodhi.com,"H.No. 709
D’Alia Marg",Guha,Coimbatore,Tamil Nadu,761439,2024-12-24 05:24:53
104,Mall Group,27ABCDE0104F1Z4,Samiha Batra,2444637041,indranilsuri@zacharia.net,"H.No. 67, Raja Street",Gandhi Zila,Bengaluru,Karnataka,082692,2023-10-25 17:06:56
105,"Banerjee, Thakur and Setty",27ABCDE0105F1Z5,Pari Verma,5129241066,jbalakrishnan@sandhu.biz,"54/87
Sandal Road",Kumer,Coimbatore,Tamil Nadu,566220,2021-10-09 09:17:16
106,Subramanian LLC,27ABCDE0106F1Z6,Kiaan Sura,+914333523057,indranilramanathan@gmail.com,"71, Dhaliwal Road",Rege Ganj,Nagpur,Maharashtra,115503,2025-01-27 12:14:26
107,Acharya-Dugar,27ABCDE0107F1Z7,Mehul Balakrishnan,00721944612,doctorayesha@gandhi.com,"66/173, Bhatia Chowk",Rana Circle,Pune,Maharashtra,665393,2024-05-16 14:52:57
108,Warrior-Hari,27ABCDE0108F1Z8,Farhan Sanghvi,01077226731,raunak61@mani-karnik.net,"H.No. 09, Ramanathan Street",Ramakrishnan Ganj,Mumbai,Maharashtra,833439,2024-09-29 19:17:20
109,Bedi-Grover,27ABCDE0109F1Z9,Kiara Dua,+914418205228,hbhalla@gmail.com,"91, Ramachandran Road",Bhakta,New Delhi,Delhi,629769,2023-09-07 05:41:14
110,Goda and Sons,27ABCDE0110F1Z0,Azad Ray,+916758252513,qsubramanian@dasgupta.com,"80/90, Chandran Path",Vyas Ganj,Mysuru,Karnataka,971743,2024-06-12 11:05:23
111,Kara and Sons,27ABCDE0111F1Z1,Divij Deol,7601042790,vihaanvyas@gill.com,"660
Bassi Path",Sen Circle,Mysuru,Karnataka,858751,2022-11-23 02:14:58
112,Chopra-Lad,27ABCDE0112F1Z2,Piya Warrior,8187389821,lavanya73@tara-seshadri.org,"79, Balakrishnan Street",Devan Circle,Mysuru,Karnataka,291684,2025-02-09 22:36:58
113,Sabharwal-Deshpande,27ABCDE0113F1Z3,Inaaya  Din,+913385701021,suhanachacko@ramakrishnan-chaudry.com,"H.No. 592
Devan",Grover Nagar,Ahmedabad,Gujarat,860350,2021-09-02 08:21:21
114,Ramesh-Maharaj,27ABCDE0114F1Z4,Sumer Bhatnagar,06079989378,sumer23@rau.com,"44
Suri Circle",Sankar Circle,Coimbatore,Tamil Nadu,006210,2020-11-27 16:13:02
115,Sharaf-Savant,27ABCDE0115F1Z5,Tushar Sharaf,2446936437,ishaanedwin@gmail.com,"004, Kapoor Circle",Kari Zila,Pune,Maharashtra,208319,2024-03-26 10:07:02
116,"Chander, Dani and Basak",27ABCDE0116F1Z6,Madhup Hayer,6576925836,kabir47@yahoo.com,"H.No. 098
Uppal Ganj",Ratti Zila,Bengaluru,Karnataka,611878,2021-04-03 00:03:22
117,Talwar Group,27ABCDE0117F1Z7,Kavya Sarma,+910389608137,suriprisha@gmail.com,"H.No. 524
Kar Marg",Mahal Marg,Mysuru,Karnataka,911318,2020-01-12 10:29:06
118,Atwal-Dhawan,27ABCDE0118F1Z8,Raghav Lala,+916836095555,lyohannan@yahoo.com,"60, Khare Nagar",Chahal Zila,Chennai,Tamil Nadu,757313,2022-02-03 11:37:01
119,Apte PLC,27ABCDE0119F1Z9,Indranil Toor,0178388036,pariissac@gmail.com,"794, Bobal Street",Rajan Street,Pune,Maharashtra,694288,2023-04-11 23:35:19
120,Soni-Thaman,27ABCDE0120F1Z0,Samiha Jha,01047526367,chowdhuryanya@hotmail.com,"61/930, Swaminathan Ganj",Gopal,Surat,Gujarat,262365,2024-11-19 20:01:15
121,Hora LLC,27ABCDE0121F1Z1,Mishti Yadav,03184731316,lallehsaan@gmail.com,"615, Jayaraman Nagar",Badami Ganj,Bengaluru,Karnataka,067000,2025-03-15 02:45:52
122,Gara-Chakrabarti,27ABCDE0122F1Z2,Keya Anne,+918682618304,anahitasaini@ravi-raj.biz,"96/92
Sama Marg",Verma Chowk,Pune,Maharashtra,222998,2022-01-17 16:50:10
123,Barad-Chandran,27ABCDE0123F1Z3,Madhup Samra,0313208923,kalamehul@chaudhry-cheema.info,"78/876, Contractor Circle",Tank Nagar,Coimbatore,Tamil Nadu,806940,2022-11-26 20:58:50
124,Shere and Sons,27ABCDE0124F1Z4,Advik Dhawan,4005763976,lakshittalwar@hotmail.com,"19/39
Taneja Road",Tiwari Road,Bengaluru,Karnataka,897881,2023-04-09 17:14:52
125,"Balasubramanian, Raj and Ranganathan",27ABCDE0125F1Z5,Hrishita Reddy,5176505626,oorja12@hotmail.com,"43, Bose Chowk",Krish Nagar,Coimbatore,Tamil Nadu,914193,2023-11-27 15:35:09
126,"Chaudry, Goda and Arora",27ABCDE0126F1Z6,Ojas Brar,3875327312,riaanbrahmbhatt@rao.com,"H.No. 720
Sood Ganj",Gala Circle,Ahmedabad,Gujarat,062306,2024-12-16 15:37:31
127,"Gaba, Vala and Hans",27ABCDE0127F1Z7,Tejas Bahl,+916184595280,salvisuhana@gmail.com,"57/042
Devi Marg",Malhotra Zila,Nagpur,Maharashtra,481495,2025-05-22 08:08:22
128,Venkataraman Group,27ABCDE0128F1Z8,Suhana Chandra,4000264840,adiraratta@hotmail.com,"H.No. 286, Ramakrishnan Zila",Sachdev Path,Surat,Gujarat,692743,2022-06-17 04:39:07
129,Cherian-Kalita,27ABCDE0129F1Z9,Uthkarsh Bhatti,+910611518411,kashvichoudhury@yahoo.com,"15/59, Wason Chowk",Chaudry Ganj,Ahmedabad,Gujarat,318850,2021-07-05 01:48:44
130,Lad-Swamy,27ABCDE0130F1Z0,Vedika Bhatia,3794639093,pbarad@ben.biz,"670
Atwal Chowk",Gopal Ganj,New Delhi,Delhi,484170,2021-05-08 13:57:56
131,"Behl, Kade and Hegde",27ABCDE0131F1Z1,Zoya Ghose,8462408561,takjayan@krishnan.com,"H.No. 539
Dey Road",Balay Marg,Pune,Maharashtra,029304,2024-06-09 16:24:04
132,"Varughese, Madan and Lall",27ABCDE0132F1Z2,Siya Bhatt,+918426276614,srivastavatanya@tak.org,"H.No. 511, Rama Zila",Keer Chowk,Ahmedabad,Gujarat,712959,2020-02-11 11:30:13
133,Viswanathan-Wadhwa,27ABCDE0133F1Z3,Rania Edwin,01817344162,dbail@srinivas.net,"H.No. 62
Madan Marg",Lalla Ganj,Ahmedabad,Gujarat,755134,2024-07-30 21:27:22
134,Bath LLC,27ABCDE0134F1Z4,Arhaan Ramachandran,04743475485,cwarrior@hotmail.com,"H.No. 636
Contractor Circle",Aurora Zila,Surat,Gujarat,712774,2025-09-01 02:04:45
135,Chaudhari-Varughese,27ABCDE0135F1Z5,Yuvaan Mall,+910177469166,tanya73@kale.com,"90/34
Keer Marg",Randhawa,New Delhi,Delhi,598864,2024-09-15 00:13:53
136,Sanghvi-Vyas,27ABCDE0136F1Z6,Zara Sarin,+918299858828,valasamar@tripathi.com,"471
Loyal Zila",Kalita Road,Coimbatore,Tamil Nadu,155886,2020-06-09 06:26:34
137,Kaur Inc,27ABCDE0137F1Z7,Renee Chacko,+913603924500,ptella@bose-chaudhuri.net,"H.No. 47
Dugar Nagar",Sekhon Zila,New Delhi,Delhi,543533,2020-10-23 12:23:28
138,"Buch, Sharma and Divan",27ABCDE0138F1Z8,Ishita Uppal,1342788038,ykar@hotmail.com,"48/989, Srinivasan Marg",Khare Road,New Delhi,Delhi,031276,2021-05-20 13:02:14
139,"Baral, Sastry and Dalal",27ABCDE0139F1Z9,Prerak Srinivasan,5065395394,indransbahl@hotmail.com,"43/34
Golla",Ramesh Circle,New Delhi,Delhi,788013,2021-10-29 21:10:16
140,Sama Ltd,27ABCDE0140F1Z0,Riya Dewan,+916171125748,ishaanbhasin@yahoo.com,"H.No. 60
Lad Ganj",Choudhary Ganj,Surat,Gujarat,639718,2023-11-02 02:52:35
141,Thakkar Ltd,27ABCDE0141F1Z1,Romil Chopra,5524566937,urvi43@hotmail.com,"09/00, Kamdar Marg",Bava Ganj,Chennai,Tamil Nadu,118060,2024-03-09 20:24:39
142,Doshi Ltd,27ABCDE0142F1Z2,Dishani Raju,03380927309,balanitya@gmail.com,"H.No. 165
Saini Street",Dube Zila,Chennai,Tamil Nadu,653037,2020-11-14 05:40:03
143,Yohannan LLC,27ABCDE0143F1Z3,Seher Wali,9786589016,hhora@bhavsar-kapur.net,"H.No. 963, Ganesan Nagar",Bedi Marg,Pune,Maharashtra,454686,2021-08-10 23:00:54
144,Chand and Sons,27ABCDE0144F1Z4,Ayesha Batta,+916398699265,bhatparinaaz@babu.info,"H.No. 836
Jhaveri Path",Vohra Path,New Delhi,Delhi,922103,2024-05-23 01:05:23
145,Bala Inc,27ABCDE0145F1Z5,Dhanuk Edwin,6270301918,azad71@hans.com,"434, Baral Road",Chaudry Chowk,Surat,Gujarat,110620,2025-07-18 18:07:11
146,"Barad, Date and Johal",27ABCDE0146F1Z6,Nayantara Ranganathan,07892815663,siyagoswami@rana.com,"H.No. 482, Kashyap Ganj",Basu Ganj,Mysuru,Karnataka,486194,2022-09-29 17:04:05
147,Babu-Sachdev,27ABCDE0147F1Z7,Riya Aggarwal,8980925075,omagar@sawhney-dhillon.biz,"H.No. 122
Jha Ganj",Chakrabarti Chowk,Surat,Gujarat,778274,2025-06-06 23:54:32
148,"Barman, Dugar and Gade",27ABCDE0148F1Z8,Taran Kuruvilla,06974092124,azad31@tank-bava.org,"H.No. 592
Ravel Marg",Grewal Chowk,Mysuru,Karnataka,822955,2020-01-31 19:13:13
149,Zachariah-Kadakia,27ABCDE0149F1Z9,Shlok Bains,9134843120,savantzain@gmail.com,"898, Uppal Chowk",Bhagat Path,Bengaluru,Karnataka,235037,2025-06-14 22:18:29
150,Bhakta-Walia,27ABCDE0150F1Z0,Lagan Bedi,1884524488,duaaradhya@basak-sunder.com,"802
Banerjee Chowk",Grewal Zila,Ahmedabad,Gujarat,669902,2024-02-11 04:35:07
151,"Desai, Bhalla and Saha",27ABCDE0151F1Z1,Prerak Rau,04432910757,mirayashankar@bal.biz,"H.No. 33
Boase Circle",Chopra Marg,Nagpur,Maharashtra,239878,2020-11-29 05:51:45
152,Bumb Group,27ABCDE0152F1Z2,Romil Bhat,6249650828,csaxena@hayer.org,"60, Deol Street",Seth Circle,Mysuru,Karnataka,875941,2020-12-24 09:49:50
153,"Kakar, Sengupta and Koshy",27ABCDE0153F1Z3,Prisha Chaudhari,6729814900,kmammen@hotmail.com,"838, Venkataraman Chowk",Deshmukh Nagar,New Delhi,Delhi,826106,2024-01-14 23:54:30
154,"Gaba, Deep and Sur",27ABCDE0154F1Z4,Keya Sankaran,02391692860,samraabram@yahoo.com,"50/75, Krishnamurthy Street",Hans Circle,Mysuru,Karnataka,922253,2024-02-04 11:45:25
155,Dugar-Hora,27ABCDE0155F1Z5,Anay Bose,+912921875622,charvilall@hotmail.com,"16, Jha Road",Sarna Marg,Ahmedabad,Gujarat,398510,2022-06-02 08:59:30
156,Chaudhari Inc,27ABCDE0156F1Z6,Advika Karpe,08405449382,cchada@yahoo.com,"62
Sunder Circle",Halder Nagar,Mumbai,Maharashtra,408254,2020-12-25 01:54:25
157,Rana-Savant,27ABCDE0157F1Z7,Yashvi Behl,4035642443,anvi48@bhavsar-barad.com,"45
Khanna Ganj",Chandran Zila,Bengaluru,Karnataka,959112,2025-01-20 19:45:02
158,Mall Ltd,27ABCDE0158F1Z8,Ojas Borra,7722322267,samihakala@hotmail.com,"H.No. 148
Bumb Marg",Deep,Coimbatore,Tamil Nadu,932269,2023-03-11 06:27:07
159,Sarna Inc,27ABCDE0159F1Z9,Rati Rout,2907692129,krishzaina@saha-kaul.org,"72, Chakraborty Nagar",Sandhu Street,Chennai,Tamil Nadu,057696,2024-12-21 09:05:07
160,Kannan-Keer,27ABCDE0160F1Z0,Tejas Kurian,07296826757,dhaliwalnirvaan@gmail.com,"H.No. 77, Bajwa Zila",Upadhyay Chowk,Mysuru,Karnataka,721206,2024-12-17 05:45:09
161,"Karan, Yadav and Dugar",27ABCDE0161F1Z1,Vihaan Sampath,06666779600,ethaman@chandra.com,"36/530
Sampath Street",Sani,Nagpur,Maharashtra,931430,2022-10-25 21:57:50
162,Sekhon PLC,27ABCDE0162F1Z2,Sumer Jhaveri,00515954142,gollaindrans@hotmail.com,"795, Bir",Krishna Ganj,Mumbai,Maharashtra,183224,2025-08-20 03:11:42
163,Kurian Ltd,27ABCDE0163F1Z3,Hridaan Bhandari,+917158240496,ptiwari@hotmail.com,"H.No. 06, Dada Path",Dugal Circle,New Delhi,Delhi,323364,2025-07-30 20:36:55
164,"Wadhwa, Ramakrishnan and Datta",27ABCDE0164F1Z4,Akarsh Borah,05767977931,prerakdeshmukh@manne-ray.com,"H.No. 953
Wadhwa Marg",De Circle,Coimbatore,Tamil Nadu,942059,2020-03-19 00:26:09
165,Sarraf and Sons,27ABCDE0165F1Z5,Shaan Bhattacharyya,04341713029,nakul66@deshpande.info,"61/25
Bobal Chowk",Kurian Street,Ahmedabad,Gujarat,777221,2022-06-21 17:28:37
166,Savant-Gaba,27ABCDE0166F1Z6,Dhanuk Sachdev,06337853858,kdixit@bhatnagar.com,"31/775, Kamdar Ganj",Tara Street,Mumbai,Maharashtra,527427,2021-10-13 02:48:26
167,"Brar, Borde and Karpe",27ABCDE0167F1Z7,Tushar Comar,+915551662395,tatajiya@gmail.com,"H.No. 39
Desai Path",Acharya Circle,New Delhi,Delhi,002418,2025-08-05 15:01:39
168,Badami Ltd,27ABCDE0168F1Z8,Ivana Krish,+916487659548,miraanbhattacharyya@varughese-mani.com,"57/359, Chaudhari Circle",Dixit Path,Ahmedabad,Gujarat,310234,2025-03-12 23:49:18
169,Comar PLC,27ABCDE0169F1Z9,Divij Mammen,06694391368,ekarnik@butala.com,"23
Sankaran Path",Aurora Chowk,Mysuru,Karnataka,266037,2023-09-05 18:41:50
170,Chhabra LLC,27ABCDE0170F1Z0,Zeeshan Agrawal,03421234037,daspihu@bassi-chadha.info,"H.No. 39
Dyal Ganj",Tandon Chowk,New Delhi,Delhi,063488,2024-01-01 10:45:06
171,"Sodhi, Lal and Malhotra",27ABCDE0171F1Z1,Anay Bumb,02414378858,riyababu@mahajan.com,"H.No. 281, Bhavsar Circle",Hayre Zila,New Delhi,Delhi,425452,2023-04-15 04:45:14
172,Sabharwal-Bawa,27ABCDE0172F1Z2,Shayak Madan,6189549640,mahikalad@hotmail.com,"10
Golla Road",Issac Path,Ahmedabad,Gujarat,634447,2021-11-28 18:59:02
173,Deol Group,27ABCDE0173F1Z3,Veer Ram,+914250207352,sachdevryan@gmail.com,"H.No. 90
Atwal Nagar",Sinha Chowk,Bengaluru,Karnataka,348337,2022-07-16 10:47:11
174,"Saxena, Deshmukh and Behl",27ABCDE0174F1Z4,Elakshi Deo,8655496858,hazel28@keer.com,"37/20, De Ganj",Dua Zila,Mumbai,Maharashtra,741023,2020-01-09 00:50:21
175,Kapur-Wable,27ABCDE0175F1Z5,Madhav Deol,2997412714,emirbobal@yahoo.com,"730
Mammen Street",Hegde Chowk,Pune,Maharashtra,135834,2020-01-17 19:26:57
176,Mann-Mangal,27ABCDE0176F1Z6,Zara Raja,4714189635,alisha18@goda.com,"44/620
Sood Zila",Ray Road,Mysuru,Karnataka,181201,2020-03-19 15:36:37
177,"Kale, Sarraf and Wagle",27ABCDE0177F1Z7,Alisha De,02362871130,somdiya@divan.com,"72/62, Buch Zila",Ghose Nagar,Ahmedabad,Gujarat,732648,2020-03-03 02:23:59
178,"Sunder, Uppal and Gokhale",27ABCDE0178F1Z8,Nirvaan Chahal,01829214640,pranay97@hotmail.com,"H.No. 13, Issac Circle",Gupta Nagar,Surat,Gujarat,917247,2024-09-13 17:28:06
179,Baria-Khurana,27ABCDE0179F1Z9,Rania Dewan,03313189691,zlal@lalla-ramakrishnan.com,"554, Keer Path",Bera Path,Bengaluru,Karnataka,505485,2021-06-29 20:08:02
180,Amble-Bhatnagar,27ABCDE0180F1Z0,Farhan Sabharwal,+919359122686,majumdarishaan@sur.com,"98/213, Rama Street",De Street,Nagpur,Maharashtra,539048,2021-06-02 20:45:06
181,Garde-Setty,27ABCDE0181F1Z1,Uthkarsh Mane,8995209487,fdube@yahoo.com,"16/876, Ghosh Zila",Goyal Path,New Delhi,Delhi,408876,2022-02-19 14:51:10
182,"Gupta, Swaminathan and Varma",27ABCDE0182F1Z2,Yasmin Toor,+913155468056,igade@dara-deol.info,"H.No. 274
Mangat Road",Luthra Street,Coimbatore,Tamil Nadu,336780,2023-03-14 21:54:38
183,Biswas and Sons,27ABCDE0183F1Z3,Hridaan Ahuja,5509010901,mamooty01@hotmail.com,"H.No. 756, Kara Marg",Brahmbhatt Circle,Chennai,Tamil Nadu,583226,2023-11-08 06:11:50
184,Lall-Thaman,27ABCDE0184F1Z4,Aarush Chakrabarti,6812772299,drishya62@hotmail.com,"97/40, Lad Ganj",Sarma Nagar,Coimbatore,Tamil Nadu,323868,2020-04-14 17:09:38
185,Ram-Walia,27ABCDE0185F1Z5,Reyansh Tank,+919499231524,jayesh36@gmail.com,"H.No. 092
Behl Ganj",Kurian Circle,Mysuru,Karnataka,014042,2023-06-17 13:01:40
186,"Dhawan, Ghose and Ben",27ABCDE0186F1Z6,Devansh Bhandari,4591440711,jayant57@gmail.com,"795
Date Marg",Dewan Road,Coimbatore,Tamil Nadu,095996,2023-07-03 19:05:44
187,Ratti-Dora,27ABCDE0187F1Z7,Nishith Acharya,+912763899111,zvenkataraman@dash-suri.org,"71/017
Kale Chowk",Chakrabarti Zila,Surat,Gujarat,442804,2021-04-08 05:18:32
188,"Korpal, Seth and Rajagopalan",27ABCDE0188F1Z8,Uthkarsh Chaudry,+910406862745,nsarkar@hotmail.com,"19/05
Hans Ganj",Bawa Street,New Delhi,Delhi,838347,2024-03-28 13:12:02
189,Batra-Lad,27ABCDE0189F1Z9,Rati Arya,09708766259,divitcomar@ray.com,"77, Boase Road",Madan Zila,New Delhi,Delhi,262430,2023-06-07 20:32:39
190,Balasubramanian and Sons,27ABCDE0190F1Z0,Saanvi Sachdeva,00783520253,lankahazel@yahoo.com,"20/43
Borra Path",Vasa,New Delhi,Delhi,122766,2020-12-31 00:35:44
191,"Balay, Sarna and Venkatesh",27ABCDE0191F1Z1,Jayesh Kota,7550527651,osastry@seth-thakur.com,"284, Karnik Circle",Bal Road,Mysuru,Karnataka,137900,2020-06-27 13:44:27
192,Bawa Inc,27ABCDE0192F1Z2,Urvi Mane,05894585326,ployal@lad.com,"H.No. 81
Rana Ganj",Boase Marg,Bengaluru,Karnataka,154614,2023-03-06 04:30:51
193,Bansal-Dayal,27ABCDE0193F1Z3,Charvi Dube,2346187168,ssibal@hans.biz,"79
Garde Ganj",Zacharia Marg,Coimbatore,Tamil Nadu,474418,2025-04-27 13:59:42
194,Gera Inc,27ABCDE0194F1Z4,Divyansh Desai,09986529706,navyakaur@kala.com,"07/114, Atwal Marg",Bala,Pune,Maharashtra,587046,2021-06-02 16:04:16
195,Contractor-Tak,27ABCDE0195F1Z5,Seher Cheema,04026004938,ladgokul@gmail.com,"H.No. 790, Singh Zila",Guha Ganj,Bengaluru,Karnataka,759282,2021-08-21 06:23:46
196,Sinha-Apte,27ABCDE0196F1Z6,Kaira Das,+918715606758,bdeo@gmail.com,"76/58, Gulati Nagar",Gill Circle,Surat,Gujarat,702299,2024-09-27 16:16:31
197,"Kara, Dixit and Srinivasan",27ABCDE0197F1Z7,Aradhya Kothari,+912732916415,zain50@yahoo.com,"63
Dutt Ganj",Lall Path,New Delhi,Delhi,196453,2023-04-15 12:50:11
198,"Bandi, Gulati and Sinha",27ABCDE0198F1Z8,Vidur Suresh,+914118862838,trishaguha@hotmail.com,"89/15
Talwar Nagar",Gala Chowk,Coimbatore,Tamil Nadu,373101,2025-05-15 22:42:20
199,Gopal-Jayaraman,27ABCDE0199F1Z9,Taran Mani,+914333477933,contractorshanaya@hotmail.com,"H.No. 42
Apte Ganj",Bansal Zila,Chennai,Tamil Nadu,187353,2023-02-17 06:01:27
200,Ranganathan Group,27ABCDE0200F1Z0,Anvi Kalla,01282336396,adyal@hotmail.com,"40
Shroff",Krish Nagar,New Delhi,Delhi,295326,2023-07-09 06:21:26
201,Bora-Garg,27ABCDE0201F1Z1,Hazel Chadha,03749259128,bwalla@chada.com,"H.No. 46
Dash Road",Gill Circle,Coimbatore,Tamil Nadu,944211,2025-07-06 02:13:59
202,Lala Group,27ABCDE0202F1Z2,Divit Kala,1385140345,ojasjayaraman@yahoo.com,"01/35, Balay Path",Rege Zila,New Delhi,Delhi,112186,2023-01-19 05:18:14
203,Sidhu Group,27ABCDE0203F1Z3,Ahana  Keer,+916399276160,aarnakaran@wali-din.com,"H.No. 86, Kala Road",Baral Path,Mumbai,Maharashtra,816680,2020-06-23 08:37:43
204,"Dugar, Dhawan and Date",27ABCDE0204F1Z4,Gatik Sathe,03716294554,evamallick@bali.com,"03/06, Sen Road",Buch Chowk,New Delhi,Delhi,896383,2022-07-17 09:24:48
205,Khatri-Dani,27ABCDE0205F1Z5,Nirvi Kulkarni,+916030056887,chiragdoctor@yahoo.com,"25/63, Banik Path",Kala Ganj,Ahmedabad,Gujarat,926560,2025-01-06 22:15:06
206,"Seth, Yogi and Madan",27ABCDE0206F1Z6,Vihaan Devan,+914867803783,abatra@deshpande.com,"17/05
Vohra Path",Aggarwal Ganj,Mysuru,Karnataka,032306,2020-06-17 00:34:53
207,Kakar PLC,27ABCDE0207F1Z7,Yuvaan Sura,08591563263,olall@gara.com,"19/23, Gokhale",Dayal Zila,Ahmedabad,Gujarat,860816,2021-10-21 03:10:23
208,Mahal Ltd,27ABCDE0208F1Z8,Yuvraj  Goswami,+913434179061,seherdeshpande@gmail.com,"41/660
Kumar Circle",Balakrishnan Path,Ahmedabad,Gujarat,392966,2020-01-24 12:25:40
209,Ramakrishnan-Jha,27ABCDE0209F1Z9,Kaira Kalla,+910662172591,jben@gmail.com,"75/51
Hora Marg",Seshadri Nagar,New Delhi,Delhi,362710,2025-03-20 21:30:35
210,Jha-Badami,27ABCDE0210F1Z0,Anvi Loke,+913543767592,bhatiayasmin@yahoo.com,"H.No. 46
Kulkarni Marg",Toor Chowk,New Delhi,Delhi,039279,2020-02-01 12:06:01
211,Dyal-Bandi,27ABCDE0211F1Z1,Anahita Hayer,03082048215,marora@sandhu.com,"45/91
Kuruvilla Chowk",Krishna Street,Coimbatore,Tamil Nadu,023898,2022-05-05 14:29:21
212,Setty PLC,27ABCDE0212F1Z2,Indrajit Lal,+914622943753,wranganathan@yahoo.com,"32
Kulkarni Path",Bandi Chowk,Mumbai,Maharashtra,154651,2023-06-02 20:05:49
213,Ram-Choudhury,27ABCDE0213F1Z3,Prerak Swaminathan,08503461926,indrajit99@gmail.com,"11
Sharaf Road",Sem Ganj,Pune,Maharashtra,131776,2024-06-04 15:15:42
214,Virk-Sibal,27ABCDE0214F1Z4,Raghav Sarin,06113786515,devanshluthra@hotmail.com,"94/40, Bal Ganj",Gaba Marg,Nagpur,Maharashtra,113514,2021-09-22 12:25:11
215,Dhar Group,27ABCDE0215F1Z5,Tiya Lall,00630454443,ljayaraman@yohannan.com,"H.No. 70, Vaidya Ganj",Kari Street,Ahmedabad,Gujarat,972634,2023-11-05 09:33:06
216,Ramanathan-Bobal,27ABCDE0216F1Z6,Ayesha Shankar,+915946570478,ishaan58@hotmail.com,"198, Bhasin Ganj",Dave Road,Coimbatore,Tamil Nadu,803490,2024-07-28 17:13:52
217,Chada-Wali,27ABCDE0217F1Z7,Tarini Luthra,5807435406,nehmatgoel@gmail.com,"H.No. 82
Jayaraman Street",Chauhan Road,New Delhi,Delhi,948192,2022-04-28 17:40:50
218,Lad Ltd,27ABCDE0218F1Z8,Manjari Dara,02887356799,qdevi@edwin.com,"H.No. 44
Boase Road",Singhal Zila,Surat,Gujarat,209537,2022-07-26 01:17:52
219,Gokhale-Savant,27ABCDE0219F1Z9,Ritvik Soni,03296188235,dhanush96@gmail.com,"618, Mani Chowk",Shah Circle,New Delhi,Delhi,741314,2023-03-21 07:25:28
220,"Mandal, Tak and Verma",27ABCDE0220F1Z0,Manikya Mahajan,+916083521042,himmatmangat@gmail.com,"08/44, Kunda Circle",Iyengar Chowk,Mysuru,Karnataka,395867,2024-08-18 12:34:06
221,"Johal, Gulati and Srinivas",27ABCDE0221F1Z1,Pari Manne,+912393253962,dhanush40@sarkar.com,"H.No. 980, Dora Path",Sodhi Ganj,Coimbatore,Tamil Nadu,560206,2020-07-30 01:03:57
222,"Bobal, Chadha and Karpe",27ABCDE0222F1Z2,Uthkarsh Bhakta,+918196707997,yvohra@yahoo.com,"H.No. 773
Chahal",Bhardwaj Circle,New Delhi,Delhi,637811,2024-04-15 19:04:31
223,"Dhar, Ratti and Chada",27ABCDE0223F1Z3,Eva Gill,+917876886289,ishita85@yahoo.com,"83
Lala",Kohli Chowk,Mysuru,Karnataka,606052,2020-12-24 03:23:47
224,Borde-Bhatia,27ABCDE0224F1Z4,Indranil Bali,6155027047,prerakloyal@yahoo.com,"25/74
Wason Road",Chaudry,Surat,Gujarat,147257,2025-05-15 20:32:08
225,Lal Group,27ABCDE0225F1Z5,Ehsaan Gole,+917801867184,ayesha38@gmail.com,"H.No. 35, Chaudhuri",Khatri Nagar,Coimbatore,Tamil Nadu,892468,2021-07-20 12:26:30
226,Arora-Sampath,27ABCDE0226F1Z6,Lavanya Raja,4075337188,mishti22@rout-samra.com,"H.No. 057
Wable Path",Madan Chowk,Bengaluru,Karnataka,459968,2022-09-10 20:12:23
227,Yohannan Inc,27ABCDE0227F1Z7,Yakshit Behl,8773567129,drishyamagar@hotmail.com,"758, Hora Nagar",Bhatnagar Circle,Ahmedabad,Gujarat,846850,2025-06-07 03:59:22
228,Dave-Sangha,27ABCDE0228F1Z8,Kiara Taneja,06271113469,nrout@kade.com,"H.No. 82
Dass Path",Varma Road,Mysuru,Karnataka,180689,2021-08-23 07:36:51
229,"Ravel, Toor and Andra",27ABCDE0229F1Z9,Manjari Kar,8532808075,dharmajan78@sani-rana.com,"30/77, Devan Road",Tara Zila,Nagpur,Maharashtra,452689,2020-10-07 02:56:08
230,"Shetty, Swaminathan and Sathe",27ABCDE0230F1Z0,Zeeshan Butala,07641649593,kchawla@samra-balan.com,"H.No. 868
Chana Chowk",Tailor Zila,Mumbai,Maharashtra,495632,2025-05-16 19:28:54
231,Divan-Bains,27ABCDE0231F1Z1,Piya Raval,03854689360,jbali@subramaniam.biz,"547
Chowdhury Nagar",Tella Road,Bengaluru,Karnataka,952580,2022-10-16 21:56:21
232,Balan-Sekhon,27ABCDE0232F1Z2,Hridaan Dara,+911618364998,yakshitkothari@yahoo.com,"18
Vig Path",Singhal Street,New Delhi,Delhi,420762,2021-02-14 02:18:23
233,"Varma, Barad and Jayaraman",27ABCDE0233F1Z3,Anahita Chauhan,05671511697,nirvitak@hotmail.com,"35, Seshadri Marg",Sandhu Nagar,Mumbai,Maharashtra,855430,2021-02-19 04:09:24
234,Bansal LLC,27ABCDE0234F1Z4,Madhup Raj,+910860973984,qlala@yahoo.com,"36/008, Arora Zila",Magar Road,Bengaluru,Karnataka,507858,2022-06-10 03:39:53
235,"Mand, Bhandari and Khosla",27ABCDE0235F1Z5,Zoya Chowdhury,09021770796,zaindubey@yahoo.com,"09
Kamdar",Baria Nagar,New Delhi,Delhi,796889,2020-12-03 01:07:56
236,Kala and Sons,27ABCDE0236F1Z6,Purab Vig,+913189498451,cmangal@hotmail.com,"83
Vig Nagar",Kadakia Nagar,Nagpur,Maharashtra,300528,2020-01-09 01:41:47
237,Kumer-Gade,27ABCDE0237F1Z7,Bhavin Kothari,08500433854,kbhandari@vohra.com,"24/65
Kapoor Ganj",Buch Street,Pune,Maharashtra,524935,2025-01-06 12:30:15
238,Bala-Goel,27ABCDE0238F1Z8,Uthkarsh Dhingra,2904621323,dharpihu@yahoo.com,"85/951, Rajan Zila",Trivedi Circle,Pune,Maharashtra,072465,2020-10-30 05:03:47
239,Bhargava PLC,27ABCDE0239F1Z9,Divit Deshmukh,02430934706,neelofarzachariah@hotmail.com,"70, Ramaswamy Marg",Virk Zila,Ahmedabad,Gujarat,239397,2022-07-08 20:40:49
240,"Majumdar, Sarraf and Bhalla",27ABCDE0240F1Z0,Hansh Bali,+919457469611,tiyachaudhari@yahoo.com,"269
Deo",Dada Circle,Pune,Maharashtra,472938,2022-05-21 23:00:06
241,"Gulati, Khanna and Lalla",27ABCDE0241F1Z1,Jayesh Chaudhuri,09005319775,priyansh12@raju-de.com,"62/73
Dani Ganj",Kant Nagar,Ahmedabad,Gujarat,591407,2022-08-21 17:41:05
242,"Kaur, Soni and Yadav",27ABCDE0242F1Z2,Myra Bandi,1271587574,jivikarau@bora.biz,"28/126, Kala Road",Shere Chowk,New Delhi,Delhi,488418,2020-09-14 16:41:31
243,Chandra-Chander,27ABCDE0243F1Z3,Aradhya Ramanathan,+918018169131,tanya71@som.com,"36/61
Chaudry Nagar",Rama Circle,New Delhi,Delhi,577475,2020-09-17 21:12:04
244,"Batta, Sant and Apte",27ABCDE0244F1Z4,Anahita Gill,05166185495,adave@kashyap.com,"10/74, Choudhary",Dyal Circle,Pune,Maharashtra,626984,2023-01-08 18:18:32
245,Sarkar-Viswanathan,27ABCDE0245F1Z5,Mehul Tank,+917139229155,romil01@gmail.com,"92
Agrawal Path",Mandal Path,Coimbatore,Tamil Nadu,267734,2020-02-22 10:29:15
246,Swaminathan Inc,27ABCDE0246F1Z6,Anvi Trivedi,03031126137,savantaarna@gmail.com,"H.No. 32
Kuruvilla Chowk",Rao Road,Mysuru,Karnataka,994769,2022-09-20 05:41:26
247,Kuruvilla-Bora,27ABCDE0247F1Z7,Anay Koshy,01892740875,zaina90@choudhry.info,"H.No. 18, Dass Marg",Banerjee Circle,Nagpur,Maharashtra,501469,2025-05-28 18:10:44
248,"Chaudhary, Master and Bhagat",27ABCDE0248F1Z8,Purab Viswanathan,+913341322713,balayemir@hotmail.com,"517, Sane Circle",Wagle Circle,Bengaluru,Karnataka,941737,2023-08-07 12:41:37
249,Lal-Vyas,27ABCDE0249F1Z9,Aradhya Sethi,00903119243,jhanvi48@gmail.com,"65/76, Hari Marg",Kale Chowk,Mumbai,Maharashtra,990357,2021-07-18 18:36:59
250,"Kurian, Salvi and Mander",27ABCDE0250F1Z0,Anya Amble,05225645657,alad@hotmail.com,"H.No. 444, Kaur Zila",Krishnamurthy,Coimbatore,Tamil Nadu,808110,2021-06-30 00:27:22
251,Soman-Buch,27ABCDE0251F1Z1,Yakshit Zacharia,05019093738,lavanya06@hotmail.com,"H.No. 930, Thaman Chowk",Dube Chowk,Surat,Gujarat,607412,2021-03-19 19:27:02
252,Banerjee Ltd,27ABCDE0252F1Z2,Aniruddh Kohli,+911643535171,vmani@kaur.com,"64
Wason Ganj",Kannan Zila,Bengaluru,Karnataka,669142,2020-10-01 03:07:39
253,"Goyal, Kibe and Yogi",27ABCDE0253F1Z3,Jayan Savant,9602338257,sbarad@gmail.com,"11/91
Bail Ganj",Bajaj Circle,Mumbai,Maharashtra,399726,2023-08-10 20:33:20
254,Ratta-Raju,27ABCDE0254F1Z4,Amani Sachdeva,00180920644,khushiranganathan@deo.org,"958
Kumer Path",Bera,Nagpur,Maharashtra,476379,2021-02-14 02:00:10
255,Hari Group,27ABCDE0255F1Z5,Tejas Thakur,+910497912913,sandhutaran@yahoo.com,"93
Tripathi Zila",Sankar,New Delhi,Delhi,780439,2021-06-19 05:56:39
256,Dixit-Bhagat,27ABCDE0256F1Z6,Onkar Chowdhury,+918633131300,samarmajumdar@dhaliwal.com,"84/603, Kale Nagar",Bali Road,Surat,Gujarat,541233,2021-10-06 12:10:16
257,Bassi-Reddy,27ABCDE0257F1Z7,Ojas Keer,+918336421965,wsharma@konda.com,"H.No. 99, Sengupta Street",Randhawa Circle,Surat,Gujarat,498331,2024-08-26 15:22:21
258,Gill LLC,27ABCDE0258F1Z8,Divit Bhagat,08038370565,nityaramaswamy@bhatti.org,"H.No. 887, Vasa Path",Bhatnagar Zila,Mumbai,Maharashtra,170109,2022-11-28 12:56:05
259,Deol PLC,27ABCDE0259F1Z9,Misha Issac,4654005184,divanmohanlal@hotmail.com,"83
Chawla Ganj",Wali Marg,Chennai,Tamil Nadu,794070,2021-10-11 22:28:19
260,"Kadakia, Varty and Aggarwal",27ABCDE0260F1Z0,Vritika Saraf,03074493040,kismat62@hotmail.com,"247
Sarkar Street",Bala Chowk,Chennai,Tamil Nadu,749681,2021-05-16 06:16:01
261,"Wali, Chahal and Mandal",27ABCDE0261F1Z1,Saira Ahuja,+915642256966,hchoudhary@bhargava-sharma.biz,"H.No. 094
Luthra Chowk",Sarma Ganj,New Delhi,Delhi,338425,2020-12-22 13:32:04
262,"Divan, Kohli and Sha",27ABCDE0262F1Z2,Nitya Golla,03785107325,obhalla@zacharia-kanda.com,"838
Hora Ganj",Kapur Road,Ahmedabad,Gujarat,097535,2024-04-06 04:42:25
263,Din and Sons,27ABCDE0263F1Z3,Baiju Sinha,+916403128109,dkadakia@hotmail.com,"74
Sidhu Circle",Dixit Path,New Delhi,Delhi,360015,2022-10-13 01:45:08
264,Kanda Inc,27ABCDE0264F1Z4,Seher Manda,1447351281,issaczoya@bedi.com,"41/309
Kumar Path",Loyal Street,Coimbatore,Tamil Nadu,309591,2022-04-06 21:49:27
265,"Shere, Sharma and Sood",27ABCDE0265F1Z5,Eva Saini,04392358034,vidur35@som.com,"768
Lad Chowk",Iyengar Street,Coimbatore,Tamil Nadu,296113,2023-03-14 21:01:15
266,Agate-De,27ABCDE0266F1Z6,Rati Kala,01133382579,mishabanik@kunda-rama.com,"74, Kuruvilla Zila",Bala Nagar,Bengaluru,Karnataka,662321,2020-01-15 15:48:47
267,"Hayre, Sabharwal and Goel",27ABCDE0267F1Z7,Aaryahi Hayer,+917103093872,advikadin@yahoo.com,"H.No. 210
Tiwari Chowk",Cheema Nagar,New Delhi,Delhi,124927,2021-01-21 01:08:47
268,Karan-Sandhu,27ABCDE0268F1Z8,Ojas Maharaj,00786145332,rattannehmat@bhargava.biz,"07/235
Vala Nagar",Ratta Nagar,Nagpur,Maharashtra,408872,2024-05-22 16:12:53
269,Handa and Sons,27ABCDE0269F1Z9,Divit Gandhi,0399367528,mannezeeshan@tella-chokshi.com,"806, Toor Chowk",Goyal Chowk,New Delhi,Delhi,973464,2022-05-12 23:14:17
270,"Dyal, Hans and Das",27ABCDE0270F1Z0,Madhav Gopal,00301928047,stuvanmahajan@yahoo.com,"87/32, Walia Street",Sethi,New Delhi,Delhi,778604,2025-01-08 02:28:51
271,Raman-Jhaveri,27ABCDE0271F1Z1,Indrans Tak,+915030175818,ratirajagopal@shukla.com,"49/53
Singh Circle",Chawla Ganj,Nagpur,Maharashtra,561321,2025-06-26 21:58:30
272,Sengupta-Aggarwal,27ABCDE0272F1Z2,Reyansh Aggarwal,01065192759,wraju@thaker.info,"04
Chahal",Ramaswamy Path,Coimbatore,Tamil Nadu,717158,2020-10-10 10:30:22
273,"Gopal, Chaudhuri and Bhatnagar",27ABCDE0273F1Z3,Neelofar Bora,+912763913376,aaryahimane@hotmail.com,"38/031, Grover",De Circle,Bengaluru,Karnataka,628280,2022-04-22 19:12:04
274,Datta PLC,27ABCDE0274F1Z4,Lagan Mani,05433195419,kismatkrishnan@sankar.info,"672, Rajagopal Nagar",Setty Nagar,Chennai,Tamil Nadu,746956,2022-02-10 19:35:58
275,Rau Inc,27ABCDE0275F1Z5,Amira Gara,+914011294724,drishyabhagat@gmail.com,"H.No. 842, Sha",Dash Ganj,Bengaluru,Karnataka,972063,2024-07-29 20:23:17
276,Arora and Sons,27ABCDE0276F1Z6,Jiya Deshmukh,+911493621130,darshit79@trivedi.org,"35/94
Rege Circle",Kari Ganj,Nagpur,Maharashtra,522735,2022-08-04 17:16:29
277,Kashyap LLC,27ABCDE0277F1Z7,Veer Ghosh,08321316165,manikyaranganathan@gmail.com,"47/22
Bobal Chowk",Thakur Road,Mysuru,Karnataka,498245,2025-04-08 12:10:46
278,Sem-Bhandari,27ABCDE0278F1Z8,Ayesha Borde,02485779958,nityareddy@yahoo.com,"34/69
Lanka Chowk",Shankar Zila,New Delhi,Delhi,480563,2024-10-03 13:15:30
279,Kashyap and Sons,27ABCDE0279F1Z9,Aaryahi Deo,08159221119,hazel03@khare-vora.biz,"964
Basu Road",Comar Circle,New Delhi,Delhi,978660,2024-10-18 22:30:56
280,"Kothari, Bobal and Chana",27ABCDE0280F1Z0,Saanvi Choudhary,9727065890,damini34@hotmail.com,"H.No. 544, Sood Zila",Bajaj Chowk,Bengaluru,Karnataka,313994,2021-09-16 18:19:20
281,Bahl-Sampath,27ABCDE0281F1Z1,Nirvi Ganesan,+916239728100,nakulwalla@krishnan-hegde.net,"H.No. 495, Sethi Path",Bhatnagar Path,Surat,Gujarat,974471,2022-01-30 10:12:25
282,"Dani, Dhillon and Balan",27ABCDE0282F1Z2,Gokul Shere,+919751444259,vmahajan@yahoo.com,"H.No. 974, Sharma Ganj",Sridhar Nagar,Ahmedabad,Gujarat,022030,2024-12-11 20:06:30
283,"Atwal, Sehgal and Sarin",27ABCDE0283F1Z3,Nirvaan Swamy,03651967153,dhanushsrinivasan@chandra.com,"H.No. 31
Dugar",Grover Road,Mysuru,Karnataka,090644,2025-01-19 20:06:10
284,Bhalla-Raman,27ABCDE0284F1Z4,Advika Dugal,01761053298,gokul37@sane-barman.net,"74/368
Bhardwaj Zila",Kuruvilla Circle,Bengaluru,Karnataka,326620,2024-08-09 05:52:54
285,Jani-Dar,27ABCDE0285F1Z5,Devansh Gulati,8611398281,myrasagar@gmail.com,"50/250, Ramakrishnan Zila",Viswanathan Path,Nagpur,Maharashtra,529748,2021-04-16 06:48:11
286,"Dutt, Chakraborty and Sankaran",27ABCDE0286F1Z6,Fateh Sule,+919825544309,tara44@gala-soni.info,"70/33
Desai Path",Sawhney Street,Mumbai,Maharashtra,490208,2020-01-06 13:05:49
287,Bhatia PLC,27ABCDE0287F1Z7,Madhav Shankar,9795464145,parinaaz34@anand.biz,"45, Taneja Nagar",Chaudhary Street,Coimbatore,Tamil Nadu,662831,2021-03-05 20:03:45
288,Andra Inc,27ABCDE0288F1Z8,Anahi Sabharwal,+918644355323,ivan67@chaudhuri-babu.org,"H.No. 426, Barad Zila",Gokhale Road,New Delhi,Delhi,899627,2022-12-27 07:23:15
289,Hayer-Barad,27ABCDE0289F1Z9,Jayan Dara,+913086758555,manikya73@rajagopal.info,"14/614, Edwin",Dhillon Marg,Chennai,Tamil Nadu,175380,2021-08-02 13:18:54
290,"Bedi, Roy and Lad",27ABCDE0290F1Z0,Rasha Bawa,02410943171,rati27@yahoo.com,"H.No. 615, Kadakia Road",Kata,Pune,Maharashtra,519795,2020-03-18 09:04:24
291,Raja PLC,27ABCDE0291F1Z1,Tara Thaman,06900534713,dhanukbassi@mammen.com,"07/333, Varty Nagar",Bala,Chennai,Tamil Nadu,290277,2025-06-06 20:22:44
292,Dave-Krishnan,27ABCDE0292F1Z2,Ranbir Bail,8057119370,kakarbhamini@lala.com,"43/73, Yogi Street",Mall,Coimbatore,Tamil Nadu,447936,2020-05-19 10:00:30
293,"Ahuja, Gandhi and Shroff",27ABCDE0293F1Z3,Yasmin Tailor,06735053020,sbhasin@sani.com,"H.No. 67
Wadhwa Path",Bora Nagar,Mysuru,Karnataka,023827,2023-02-21 23:36:00
294,"Sarraf, Kakar and Dyal",27ABCDE0294F1Z4,Emir Balakrishnan,07283119124,uchaudry@mander.com,"29/37, Chatterjee Street",Sant Road,Ahmedabad,Gujarat,627594,2020-12-08 22:38:16
295,Sankar-Tailor,27ABCDE0295F1Z5,Nehmat De,07142565672,aaryahi58@swamy.com,"969
Salvi Marg",Kapadia Ganj,Bengaluru,Karnataka,239031,2020-09-15 04:57:22
296,Borra Group,27ABCDE0296F1Z6,Bhamini Kaur,+916307342225,gsankar@yahoo.com,"H.No. 347, Sibal Ganj",Kalita Marg,Mysuru,Karnataka,871070,2020-02-02 19:26:09
297,Shroff-Varkey,27ABCDE0297F1Z7,Aaina Chaudhari,00912270381,kimaya84@hotmail.com,"56/16
Sarraf Zila",Borah,New Delhi,Delhi,396156,2023-09-02 12:01:17
298,Sahota-Chaudhuri,27ABCDE0298F1Z8,Zaina Jhaveri,00170523658,aayushyohannan@hotmail.com,"66/34
Doshi",Sathe,Nagpur,Maharashtra,210869,2022-09-08 00:09:45
299,"Wali, Verma and Sem",27ABCDE0299F1Z9,Hridaan Devan,+912590503531,chandafaiyaz@gaba-raju.com,"H.No. 920
Deo Street",Soman Path,Pune,Maharashtra,761298,2023-04-17 19:48:36
300,Sastry-Subramaniam,27ABCDE0300F1Z0,Riya Jha,06794670970,amblekavya@yahoo.com,"H.No. 08
Ramakrishnan",Krishnamurthy,Surat,Gujarat,637262,2021-07-24 08:03:33
301,Krishnan LLC,27ABCDE0301F1Z1,Myra Kaur,+916865550281,tanyadani@de-batta.com,"H.No. 280
Ahuja Zila",Tiwari Circle,Pune,Maharashtra,946435,2020-01-05 16:51:49
302,Kade-Verma,27ABCDE0302F1Z2,Anahi Kant,1872605018,pari58@mani.com,"38/492
Dugar Marg",Grover Nagar,Ahmedabad,Gujarat,187448,2024-05-10 14:37:07
303,Sundaram-Baria,27ABCDE0303F1Z3,Zaina Soman,06089669776,ahana-choudhry@venkatesh-sharma.com,"14/368
Dara Zila",Chawla Zila,New Delhi,Delhi,316199,2022-02-28 03:53:41
304,Dalal-Chawla,27ABCDE0304F1Z4,Misha Setty,09742897027,bajajtejas@bail.com,"078
Dora Path",Anne Road,Ahmedabad,Gujarat,241622,2020-07-15 21:05:49
305,Datta Inc,27ABCDE0305F1Z5,Kashvi Chahal,9157552295,chakrabartinitya@varma.net,"42/582
Chadha Chowk",Ghosh Zila,Coimbatore,Tamil Nadu,485270,2021-03-26 06:33:07
306,"Lad, Samra and Contractor",27ABCDE0306F1Z6,Vardaniya Char,3405075243,hhans@krishnan.com,"H.No. 845
Warrior Zila",Kari Marg,New Delhi,Delhi,082866,2021-04-23 01:12:59
307,Sama LLC,27ABCDE0307F1Z7,Zeeshan Barad,0163239278,chanderyakshit@gmail.com,"961
Chaudry",Issac Ganj,Coimbatore,Tamil Nadu,115414,2022-02-09 01:35:50
308,Anne LLC,27ABCDE0308F1Z8,Jivika Aggarwal,8315009582,vsem@chandra.com,"17/53, Tandon Road",Shere Chowk,Nagpur,Maharashtra,019683,2023-03-02 08:27:17
309,"Kala, Hans and Balan",27ABCDE0309F1Z9,Siya Shanker,+919690471512,uppalaradhya@yahoo.com,"28/813, Sathe Road",Raval,Surat,Gujarat,297710,2021-08-09 10:18:47
310,Kala PLC,27ABCDE0310F1Z0,Vardaniya Kala,3984345889,ramatejas@banik.com,"79
Khalsa Ganj",Kakar Path,Ahmedabad,Gujarat,983794,2024-02-17 05:24:17
311,Choudhry-Lad,27ABCDE0311F1Z1,Indranil Ramakrishnan,+918535606037,sastryryan@yahoo.com,"H.No. 445, Dani Path",Balakrishnan Marg,Mumbai,Maharashtra,240691,2024-11-20 07:59:12
312,Aggarwal-Sekhon,27ABCDE0312F1Z2,Taimur Wali,+915128139708,romilluthra@subramaniam.com,"06/223, Sachdev Road",Sengupta Circle,Surat,Gujarat,343382,2024-08-18 18:52:01
313,Tandon-Barad,27ABCDE0313F1Z3,Manikya Walia,7692695943,aarnavarghese@gmail.com,"H.No. 80, Goswami Chowk",Shenoy Marg,Pune,Maharashtra,836411,2020-05-31 14:19:35
314,"Sachar, Verma and Doshi",27ABCDE0314F1Z4,Indrans Mallick,+916261764452,taranmaster@hotmail.com,"56
Ramaswamy Street",Khalsa Street,Chennai,Tamil Nadu,262779,2020-11-01 02:49:22
315,Borde Inc,27ABCDE0315F1Z5,Charvi Dani,01884008493,kuruvillakiaan@bahl-sengupta.com,"293
Randhawa Path",Sastry,New Delhi,Delhi,985252,2023-05-31 14:40:38
316,Grewal-Sen,27ABCDE0316F1Z6,Vivaan Karnik,02379967296,shaan50@sridhar.com,"56/35, Khanna Ganj",Jhaveri Ganj,Mysuru,Karnataka,700174,2021-08-06 00:15:47
317,Vohra-Lalla,27ABCDE0317F1Z7,Trisha Bhat,03436305306,udalia@wagle.org,"796, Chaudhry Path",Chhabra Path,Surat,Gujarat,356313,2020-03-09 12:04:18
318,Doshi-Bahl,27ABCDE0318F1Z8,Adah Mangal,3622021685,pihu41@gmail.com,"03
Dhawan Path",Shukla Street,New Delhi,Delhi,500109,2020-11-06 11:04:27
319,"Mander, Loyal and Subramaniam",27ABCDE0319F1Z9,Eva Baria,+910808648875,guptanehmat@gmail.com,"H.No. 65, Borah Nagar",Golla Chowk,Bengaluru,Karnataka,457809,2021-04-03 06:51:29
320,Sabharwal LLC,27ABCDE0320F1Z0,Gokul Cherian,07392714959,vigbhavin@chanda.org,"78/871
Bhakta Nagar",Shroff Marg,New Delhi,Delhi,440577,2025-03-03 15:11:33
321,"Bali, Devan and Ramanathan",27ABCDE0321F1Z1,Vritika Bahl,7044421406,bordemamooty@yahoo.com,"56/882, Vyas Circle",Bail Chowk,Chennai,Tamil Nadu,671822,2024-08-18 15:41:28
322,Kibe Ltd,27ABCDE0322F1Z2,Ranbir Hans,4817748362,boaseadah@hotmail.com,"95/165, Kala Street",Sinha,Mumbai,Maharashtra,041181,2020-04-12 13:35:14
323,Dubey PLC,27ABCDE0323F1Z3,Advik Rout,8591014486,sarnarohan@subramanian.com,"582, Wason Circle",Mane Marg,New Delhi,Delhi,052316,2022-09-20 21:55:06
324,"Sidhu, Ravi and Bhandari",27ABCDE0324F1Z4,Advika Sane,9158003512,urviarora@vohra.info,"564, Bakshi Marg",Kulkarni Nagar,Mumbai,Maharashtra,299695,2021-03-05 20:41:30
325,"Tak, Apte and Gulati",27ABCDE0325F1Z5,Nayantara Raju,07872935717,riya72@jha.com,"02, Chaudhari Chowk",Sunder Circle,New Delhi,Delhi,140309,2023-11-13 15:06:04
326,"Maharaj, Tella and Kurian",27ABCDE0326F1Z6,Ivana Hans,+919307585306,ckhatri@basak.com,"51, Dyal Nagar",Bansal Circle,New Delhi,Delhi,773415,2021-12-20 17:14:13
327,Ahluwalia-Wason,27ABCDE0327F1Z7,Riaan Sidhu,+919745243402,khushikanda@yahoo.com,"42/26
Buch Nagar",Sharma Chowk,Surat,Gujarat,484754,2020-07-23 12:09:31
328,Anand Group,27ABCDE0328F1Z8,Ranbir Krishnamurthy,04621745620,akrish@hotmail.com,"17, Chaudhari Road",Rout Road,Bengaluru,Karnataka,670423,2022-04-17 00:52:49
329,Saran Group,27ABCDE0329F1Z9,Kartik Chahal,05092435259,kotaaarna@yahoo.com,"55/179, Lad Marg",Handa Circle,Chennai,Tamil Nadu,286452,2024-04-28 02:12:53
330,"Bala, Bhatia and Srinivasan",27ABCDE0330F1Z0,Urvi Dubey,+915676792135,rtoor@bali.com,"78/51
Ranganathan Road",Talwar Marg,New Delhi,Delhi,957999,2022-01-26 15:13:34
331,"Zacharia, Malhotra and Rajan",27ABCDE0331F1Z1,Arnav Verma,1965291491,magarelakshi@bhat-ganesh.com,"H.No. 95
Jaggi Ganj",Bahri Path,Surat,Gujarat,739984,2023-10-10 02:33:58
332,Doctor Group,27ABCDE0332F1Z2,Drishya Brahmbhatt,7112265332,mannandhruv@gmail.com,"14/150
Dayal Nagar",Rege Road,New Delhi,Delhi,439614,2022-06-25 21:24:42
333,Dayal-Boase,27ABCDE0333F1Z3,Devansh Deep,7328158442,fcherian@kanda.com,"38, Sarna Nagar",Mander Street,New Delhi,Delhi,174722,2020-03-12 22:36:38
334,"Sem, Kannan and Manda",27ABCDE0334F1Z4,Gokul Sen,3958812866,manjarikari@hotmail.com,"79/646, Gala Chowk",Kade Circle,Mumbai,Maharashtra,265194,2020-02-24 02:44:01
335,Jain-Chandran,27ABCDE0335F1Z5,Umang Shankar,5516324692,myra67@walia.com,"H.No. 01, Cherian Chowk",Gokhale,New Delhi,Delhi,207543,2022-04-14 06:57:30
336,Sawhney-Walla,27ABCDE0336F1Z6,Vidur Sane,0741691578,riya28@grewal.com,"20/90
Ramakrishnan Chowk",Sandal Ganj,Surat,Gujarat,270593,2025-03-05 15:05:04
337,Ramesh-Choudhary,27ABCDE0337F1Z7,Akarsh Bhatia,+916119650470,akarsh00@yahoo.com,"76
Jayaraman Path",Keer Nagar,Mysuru,Karnataka,567315,2021-11-04 07:56:09
338,"Brar, Bhasin and Kumar",27ABCDE0338F1Z8,Inaaya  Walia,02679165804,drishyabarad@yahoo.com,"34/227, Setty Circle",Balay Marg,New Delhi,Delhi,088395,2021-01-27 12:22:02
339,"Basak, Bora and Datta",27ABCDE0339F1Z9,Arnav Wable,04252405827,mehullad@yahoo.com,"79/83
Bath Zila",Konda Street,Mumbai,Maharashtra,223832,2022-11-07 04:55:05
340,Sahota-Choudhry,27ABCDE0340F1Z0,Aarush Srivastava,8893802467,duaojas@yahoo.com,"50/861, Gala Path",Shenoy Road,Bengaluru,Karnataka,523678,2022-03-25 23:30:24
341,Garde-Banik,27ABCDE0341F1Z1,Hunar Deol,7903205351,anahisaran@ramaswamy.info,"24, Dubey Marg",Wali,New Delhi,Delhi,489760,2020-09-07 17:05:08
342,"Bhalla, Chana and Gola",27ABCDE0342F1Z2,Misha Behl,04968515176,nmanne@hotmail.com,"58
Brar Zila",Wadhwa Marg,Mumbai,Maharashtra,379995,2020-05-01 17:50:33
343,De Inc,27ABCDE0343F1Z3,Jayant Mallick,08533924546,farhan68@yahoo.com,"03/919
Sridhar Street",Gopal Zila,Mumbai,Maharashtra,618169,2021-02-24 08:29:35
344,Manda and Sons,27ABCDE0344F1Z4,Yashvi Swamy,+910257886827,annekashvi@ravi-soni.net,"57
Vyas Chowk",Chacko Nagar,Mysuru,Karnataka,704435,2024-10-05 17:11:48
345,Bhatia Inc,27ABCDE0345F1Z5,Raunak Sachar,+911461147008,dhingratarini@gmail.com,"613, Kala",Mann Zila,Mumbai,Maharashtra,541907,2022-05-07 11:14:54
346,Sridhar LLC,27ABCDE0346F1Z6,Kaira Sathe,09592160249,abram42@atwal.org,"37, Devi",Bandi Street,Pune,Maharashtra,453251,2025-06-05 22:25:38
347,"Dhaliwal, Ratti and Bail",27ABCDE0347F1Z7,Anahi Som,06054674706,rati06@tank-chauhan.info,"54/060
Bajwa Nagar",Rout Street,Surat,Gujarat,087363,2020-10-03 23:06:43
348,Arora-Bava,27ABCDE0348F1Z8,Abram Balasubramanian,01876304835,rastogiryan@gmail.com,"H.No. 719
Ray Street",Goda Ganj,Coimbatore,Tamil Nadu,964297,2024-12-14 22:20:31
349,"Chopra, Madan and Dass",27ABCDE0349F1Z9,Khushi Majumdar,9983400660,nirvaankhanna@ram.com,"40, Dash Road",Bava Nagar,Surat,Gujarat,199166,2023-11-01 13:36:12
350,Tiwari-Tripathi,27ABCDE0350F1Z0,Nayantara Magar,01807796021,swamyaarna@bobal.com,"H.No. 755, Kapur Ganj",Bir Road,Coimbatore,Tamil Nadu,386521,2020-10-03 07:21:41
351,Bir and Sons,27ABCDE0351F1Z1,Vardaniya Bawa,4478760593,sagaradira@taneja.net,"H.No. 50
Doctor Path",Behl Circle,Mumbai,Maharashtra,357548,2020-03-23 20:59:00
352,Hora-Khatri,27ABCDE0352F1Z2,Navya Soman,8336099212,imanne@yahoo.com,"295
Sharma Road",Grewal,Mysuru,Karnataka,616151,2023-12-28 04:35:41
353,Arora-Kant,27ABCDE0353F1Z3,Dharmajan Tandon,02269446371,ira98@iyer-bhargava.net,"10/303
Bora Circle",Kala Zila,Ahmedabad,Gujarat,956190,2024-08-02 22:56:52
354,Dhingra Group,27ABCDE0354F1Z4,Aayush Dora,02563361911,dinanya@chada.com,"H.No. 063, Lata Circle",Arya Circle,Surat,Gujarat,532013,2025-07-21 13:58:16
355,Mallick PLC,27ABCDE0355F1Z5,Purab Subramanian,02722476008,hbarad@yahoo.com,"745
Brahmbhatt",Bakshi Chowk,Surat,Gujarat,536018,2024-06-07 10:37:12
356,Manda-Dayal,27ABCDE0356F1Z6,Aarav Sibal,+918006471169,deepshanaya@handa-seth.info,"H.No. 280, Arya Path",Zacharia Path,Ahmedabad,Gujarat,006372,2022-03-02 21:39:39
357,Dugar and Sons,27ABCDE0357F1Z7,Tarini Ghose,+912534659468,tara83@rajan.com,"19, Mandal Marg",Arora Chowk,Bengaluru,Karnataka,489884,2024-01-16 09:22:42
358,Ramesh-Seshadri,27ABCDE0358F1Z8,Alisha Kalla,4105428554,kiaan65@hotmail.com,"H.No. 17
Ganguly Road",Biswas Circle,Surat,Gujarat,942662,2023-12-27 10:46:25
359,Thakur-Datta,27ABCDE0359F1Z9,Misha Rajan,+914997092501,dranganathan@das.biz,"877, Buch Chowk",Doctor,Surat,Gujarat,919751,2020-09-26 00:49:18
360,Shere PLC,27ABCDE0360F1Z0,Zaina Yohannan,+915667442238,samarth51@sampath.com,"09/55
Shere Path",Thaker Ganj,Coimbatore,Tamil Nadu,605155,2024-09-30 06:09:51
361,"Krishnamurthy, Choudhury and Uppal",27ABCDE0361F1Z1,Arnav Karnik,+914705326062,vorafaiyaz@mannan-borra.com,"H.No. 52, Gill Marg",Dhingra Path,Surat,Gujarat,440826,2021-05-16 09:47:50
362,"Thaman, Trivedi and Jhaveri",27ABCDE0362F1Z2,Yashvi Chana,07713577583,rania27@walla-borde.com,"H.No. 75, Loke Chowk",Garde Ganj,Coimbatore,Tamil Nadu,581242,2023-04-28 00:25:36
363,Chander-Swamy,27ABCDE0363F1Z3,Armaan Subramaniam,+915807069106,sehgalaayush@yahoo.com,"401, Reddy Zila",Yadav Path,Mumbai,Maharashtra,762667,2023-10-29 15:38:55
364,Sant-Kurian,27ABCDE0364F1Z4,Dhruv Mannan,04074004261,wbahl@hotmail.com,"H.No. 253, Rajagopalan",Saini Chowk,New Delhi,Delhi,709757,2024-10-26 14:12:51
365,Shere Group,27ABCDE0365F1Z5,Heer Shanker,05791522654,tanyamani@kanda.com,"89/26, Sunder",Sinha Chowk,Chennai,Tamil Nadu,923833,2020-08-03 04:58:22
366,Babu LLC,27ABCDE0366F1Z6,Neelofar Singhal,+915225027193,kibemanjari@halder.com,"08/00, Rege Chowk",Sane Road,Mumbai,Maharashtra,657919,2023-12-29 01:16:04
367,"Kade, Doctor and Shroff",27ABCDE0367F1Z7,Mohanlal Lata,08461329253,dthaman@yahoo.com,"23/340, Soni",Talwar Road,Mumbai,Maharashtra,875855,2024-04-18 00:30:12
368,Roy Group,27ABCDE0368F1Z8,Mohanlal Magar,4205748418,dsani@hotmail.com,"H.No. 505
Keer Road",Saran Path,Ahmedabad,Gujarat,503993,2020-12-06 16:46:37
369,Bal-Wable,27ABCDE0369F1Z9,Shayak Seshadri,02190914925,shanaya07@yogi-acharya.net,"44/66, Verma Chowk",Deshpande Nagar,Ahmedabad,Gujarat,120940,2024-12-16 08:13:26
370,Mangat and Sons,27ABCDE0370F1Z0,Riaan Sidhu,06344786254,sahil66@shenoy.info,"993
Hayer Ganj",Kurian Marg,Coimbatore,Tamil Nadu,627071,2020-10-11 06:28:22
371,Luthra PLC,27ABCDE0371F1Z1,Madhup Vala,+917447126903,baradsahil@yahoo.com,"407, Mangat Street",Dar Nagar,Coimbatore,Tamil Nadu,600468,2025-04-26 13:58:29
372,Ghose-Dubey,27ABCDE0372F1Z2,Nirvaan Kale,9773136135,samairaahluwalia@gmail.com,"982
Manne Path",Mahajan Nagar,New Delhi,Delhi,072035,2022-02-13 01:20:28
373,"Sridhar, Raja and Din",27ABCDE0373F1Z3,Miraya Rana,+912688849784,kiaanchatterjee@hotmail.com,"H.No. 04, Konda Street",Doshi Road,Pune,Maharashtra,992977,2024-10-23 12:25:09
374,"Saha, Doshi and Rau",27ABCDE0374F1Z4,Samiha Chana,0340804781,ojas10@swamy.com,"H.No. 335
Sarin Zila",Thaker Zila,Pune,Maharashtra,489339,2024-09-05 07:31:06
375,"Ratta, Rajagopalan and Raju",27ABCDE0375F1Z5,Mannat Saini,06525389891,advikasidhu@hotmail.com,"60/41, Badami Road",Singh Nagar,Ahmedabad,Gujarat,522518,2023-12-14 04:09:01
376,"Sarraf, Dewan and Swamy",27ABCDE0376F1Z6,Tiya Sachar,+915369846991,charvibhat@hotmail.com,"79/899
Dutta Path",Tak Chowk,Surat,Gujarat,425075,2025-01-09 07:11:15
377,Chaudhuri Group,27ABCDE0377F1Z7,Badal Setty,1670961799,bhallajiya@solanki.com,"68/100, Varma Street",Bal Zila,New Delhi,Delhi,529331,2020-04-21 22:04:11
378,Bhandari-Sachar,27ABCDE0378F1Z8,Indrajit Dass,09456774340,divanpurab@dada-chand.biz,"689
Sheth Marg",Kuruvilla Marg,Mysuru,Karnataka,121021,2020-03-11 12:15:42
379,Gopal PLC,27ABCDE0379F1Z9,Sara Dara,+917773443052,samarthsami@krishnan-bath.com,"30/781
Shetty Zila",Sanghvi Chowk,Chennai,Tamil Nadu,552013,2023-03-18 10:49:41
380,Raja Ltd,27ABCDE0380F1Z0,Jayan Dutt,+915783520139,aainasachdev@gmail.com,"99/265
Garde Chowk",Dubey Street,Ahmedabad,Gujarat,902934,2021-12-20 20:31:55
381,"Swamy, Bhalla and Kota",27ABCDE0381F1Z1,Bhamini Gala,0466364100,chokshimannat@chana-kumer.net,"38/80
Bose Marg",Hayer Street,Bengaluru,Karnataka,693173,2020-04-13 07:53:47
382,"Srivastava, Kuruvilla and Suri",27ABCDE0382F1Z2,Nirvi Majumdar,+913990472686,baniktrisha@karan.com,"62/00, Rao Zila",Kibe Zila,New Delhi,Delhi,199403,2020-04-20 01:14:34
383,"Lall, Bhatt and Gala",27ABCDE0383F1Z3,Yakshit Chaudry,0271130938,dhareshani@gmail.com,"93/042, Saran Street",Choudhry,New Delhi,Delhi,915550,2022-09-27 19:23:14
384,Vig-Viswanathan,27ABCDE0384F1Z4,Lavanya Dugar,06507682827,dhanushdubey@yahoo.com,"683
Shenoy",Chandra Zila,Pune,Maharashtra,275387,2020-09-26 21:58:21
385,Agarwal-Balan,27ABCDE0385F1Z5,Aradhya Varghese,05993913590,hanshguha@gmail.com,"35, Dutt Marg",Kapoor Chowk,Ahmedabad,Gujarat,725593,2021-10-02 21:23:41
386,Dave-Lall,27ABCDE0386F1Z6,Tushar Soni,+919356092064,samihasahni@hotmail.com,"218
Gole Chowk",Saraf Circle,Nagpur,Maharashtra,272957,2023-05-16 16:44:04
387,"Vyas, Madan and Raman",27ABCDE0387F1Z7,Yasmin Saha,+913702264013,mangalarmaan@gmail.com,"71/18
Kumer Path",Kurian Chowk,Chennai,Tamil Nadu,468637,2022-01-26 12:56:30
388,Buch and Sons,27ABCDE0388F1Z8,Damini Solanki,04391987572,suhana21@hotmail.com,"H.No. 087, Bhandari Street",Shukla Ganj,New Delhi,Delhi,571506,2022-06-23 14:21:20
389,Gandhi-Bava,27ABCDE0389F1Z9,Zaina Magar,4216948315,kiara01@sabharwal.net,"07, Date Road",Krish Nagar,Nagpur,Maharashtra,370272,2022-03-05 06:02:13
390,Sha and Sons,27ABCDE0390F1Z0,Samar Ray,+918929035524,guhayuvaan@kannan.com,"48/35
Dixit Ganj",Salvi Street,Bengaluru,Karnataka,984524,2024-05-26 21:01:32
391,"Sood, Bhagat and Karpe",27ABCDE0391F1Z1,Nitya Vaidya,2125933785,icomar@varughese.info,"60/035, Hans Circle",Bains Chowk,Nagpur,Maharashtra,606966,2025-08-20 16:17:27
392,"Shroff, Rege and Bava",27ABCDE0392F1Z2,Prisha Singhal,02881231919,pvasa@gmail.com,"15, Gade Circle",Dhingra,Pune,Maharashtra,993587,2025-07-21 13:01:14
393,"Tripathi, Bail and Bahl",27ABCDE0393F1Z3,Yakshit Batra,0672803296,kamdarsaira@gmail.com,"H.No. 21, Raval Zila",Gaba Circle,Chennai,Tamil Nadu,614759,2022-05-30 21:52:47
394,Devan-Iyer,27ABCDE0394F1Z4,Yuvraj  Raj,09852838613,jayan04@gmail.com,"72/51, Venkatesh Chowk",Chanda Road,Bengaluru,Karnataka,224224,2025-01-24 06:37:09
395,"Thaker, Srivastava and Mane",27ABCDE0395F1Z5,Bhamini Rau,+918636457219,sawhneyrohan@karan.net,"055, Majumdar Path",Shah,Pune,Maharashtra,205777,2023-09-17 18:22:23
396,Sura-Basak,27ABCDE0396F1Z6,Sahil Gaba,5366112780,akarsh96@kala-banik.com,"H.No. 76
Chandran Marg",Sha Marg,New Delhi,Delhi,656281,2020-06-11 01:29:42
397,Dass-Subramanian,27ABCDE0397F1Z7,Kanav Karnik,+913851308100,sehgaldharmajan@verma.net,"34
Gera Street",Varughese,Surat,Gujarat,072127,2022-03-22 04:29:48
398,Kari-Kale,27ABCDE0398F1Z8,Hazel Vohra,01567387125,guppal@hotmail.com,"87/07, Chacko Street",Deshmukh Chowk,Coimbatore,Tamil Nadu,805647,2025-01-16 17:54:50
399,"Choudhary, Sagar and Gade",27ABCDE0399F1Z9,Gokul Rege,2228703628,bsani@baral.biz,"H.No. 41
Balakrishnan Road",Ben Path,Chennai,Tamil Nadu,433924,2020-01-30 00:15:52
400,Bava and Sons,27ABCDE0400F1Z0,Hiran Srivastava,08710945534,tiya77@yahoo.com,"377, Karan Nagar",Gour Marg,Ahmedabad,Gujarat,990120,2025-03-14 04:39:48
401,"Bali, Dasgupta and Kapur",27ABCDE0401F1Z1,Ritvik Mahal,01541909526,udugar@yahoo.com,"H.No. 67, Karan Ganj",Srivastava,Surat,Gujarat,458190,2024-06-05 18:44:28
402,"Bera, Ahuja and Bhasin",27ABCDE0402F1Z2,Mehul Saxena,6323096862,akapoor@goyal.com,"36, Bhargava Road",Raval Nagar,New Delhi,Delhi,573968,2021-02-12 12:52:59
403,"Lala, Sinha and Wadhwa",27ABCDE0403F1Z3,Azad Ramachandran,09962615669,uthaker@gmail.com,"244
Bajaj Marg",Shroff Ganj,Bengaluru,Karnataka,687255,2022-03-03 05:08:04
404,Lalla Inc,27ABCDE0404F1Z4,Kartik Mammen,7103941029,arnavshenoy@gmail.com,"310, Borra Nagar",Dyal Street,Surat,Gujarat,593759,2024-03-02 17:08:36
405,Bhat-Kapadia,27ABCDE0405F1Z5,Purab Ravi,7437466852,taradhingra@goswami.org,"99
Bahri Chowk",Barman Path,Ahmedabad,Gujarat,164891,2020-03-01 16:04:28
406,Iyengar-Anand,27ABCDE0406F1Z6,Mehul Atwal,08863543814,umang34@yahoo.com,"H.No. 53, Tata Road",Saha,Ahmedabad,Gujarat,561246,2020-07-05 12:47:12
407,"Kalla, Yadav and Babu",27ABCDE0407F1Z7,Jiya Chakraborty,+912973436088,ivanrajagopal@dugar.org,"97, Krish Path",Chandra Zila,Mysuru,Karnataka,328411,2023-09-09 22:49:02
408,Subramaniam PLC,27ABCDE0408F1Z8,Pari Grewal,+915044666931,swamyaarush@yahoo.com,"H.No. 367
Kunda Chowk",Kota Circle,New Delhi,Delhi,356543,2022-07-14 06:19:57
409,"Bath, Bhatt and Gulati",27ABCDE0409F1Z9,Raunak Anne,+916559574082,uthkarshdas@gmail.com,"H.No. 880, Khare Chowk",Raman Circle,Bengaluru,Karnataka,244494,2025-08-09 20:23:26
410,Goyal LLC,27ABCDE0410F1Z0,Riaan Krish,7009887598,tloyal@ratti.com,"H.No. 66, Deo Street",Ramesh Street,Chennai,Tamil Nadu,008488,2024-05-07 10:11:57
411,"Sanghvi, Raval and Shankar",27ABCDE0411F1Z1,Madhav Sami,1575860298,hanshwali@gmail.com,"829, Jhaveri Zila",Krishnamurthy Chowk,Chennai,Tamil Nadu,102836,2024-10-27 03:08:49
412,Salvi-Borde,27ABCDE0412F1Z2,Pari Bail,+914668157762,jiya98@sengupta.com,"H.No. 714
Walla Marg",Chander Path,Ahmedabad,Gujarat,536083,2021-03-28 12:50:07
413,Lall-Mallick,27ABCDE0413F1Z3,Yashvi Sahni,+913405116970,anay01@kanda.net,"439, Varty Chowk",Srinivasan Street,Mumbai,Maharashtra,641017,2024-02-29 12:34:40
414,Bandi-Dada,27ABCDE0414F1Z4,Vaibhav Dora,5085444736,bahlbhavin@gmail.com,"607
Jayaraman Nagar",Kunda Chowk,Bengaluru,Karnataka,894807,2020-04-23 11:28:41
415,Raju Ltd,27ABCDE0415F1Z5,Heer Warrior,02713762448,xthakur@gmail.com,"H.No. 12, Mand Marg",Deol Circle,New Delhi,Delhi,448106,2020-05-05 00:19:09
416,Sibal-Bhatnagar,27ABCDE0416F1Z6,Shayak Andra,09440107669,urvi44@datta.com,"59, Srinivasan Road",Rege Marg,Mysuru,Karnataka,751997,2022-04-12 19:01:56
417,Dey Inc,27ABCDE0417F1Z7,Himmat Wagle,1865606153,yuvaangarde@hotmail.com,"H.No. 969
Loyal",Konda Path,Bengaluru,Karnataka,363221,2025-04-03 04:03:59
418,"Biswas, Tella and Chadha",27ABCDE0418F1Z8,Tara Sani,08583542270,madhupvenkatesh@sangha-kala.com,"H.No. 854
Deol Road",Borde Ganj,Coimbatore,Tamil Nadu,544116,2024-10-25 09:55:55
419,Chakraborty-Sinha,27ABCDE0419F1Z9,Indrans Bahl,+915159067533,mahika15@kala-vasa.com,"279, Warrior Zila",Sen Chowk,Coimbatore,Tamil Nadu,455323,2023-01-04 23:46:20
420,Bir Group,27ABCDE0420F1Z0,Jayant Swamy,06513977359,divijlall@srinivas.info,"260
Kalita Nagar",Sengupta Ganj,Surat,Gujarat,854602,2024-11-22 15:14:38
421,Rao-Desai,27ABCDE0421F1Z1,Ojas Singhal,02791501285,iralall@vig.com,"66/44, Walla Chowk",Dani Zila,Coimbatore,Tamil Nadu,856043,2022-04-12 07:30:14
422,Master-Bhargava,27ABCDE0422F1Z2,Inaaya  Sandal,+913717751473,rohanwali@goel.com,"45/85
Chauhan",Sengupta Nagar,Mumbai,Maharashtra,306347,2021-06-20 11:55:31
423,Gaba-Bava,27ABCDE0423F1Z3,Tara Sathe,+911146661100,obora@gmail.com,"H.No. 078, Salvi Street",Aggarwal Circle,Nagpur,Maharashtra,203866,2024-09-24 16:43:18
424,Bora-Khosla,27ABCDE0424F1Z4,Neysa Dhaliwal,2968188339,charvihalder@swamy.info,"H.No. 116
Sachdev Path",Sabharwal Ganj,New Delhi,Delhi,796169,2022-02-22 23:56:16
425,Thakkar-Ram,27ABCDE0425F1Z5,Kismat Sibal,3695190923,yuvaan38@subramaniam.org,"76/32
Bahri Marg",Bhagat Marg,Coimbatore,Tamil Nadu,132356,2020-04-12 09:10:17
426,"Sawhney, Kaul and Srinivasan",27ABCDE0426F1Z6,Nayantara Raval,+910514140001,cbava@divan.info,"H.No. 55, Krishnan",Loyal Road,Mumbai,Maharashtra,516743,2021-06-05 21:15:20
427,"Vasa, Varughese and Amble",27ABCDE0427F1Z7,Akarsh Sant,4679957800,zoya93@swamy.com,"161, Shan Chowk",Keer Chowk,Chennai,Tamil Nadu,141688,2021-01-03 05:59:48
428,"Dugar, Master and Ganesh",27ABCDE0428F1Z8,Eshani Jain,04413915439,brajagopalan@khalsa.org,"68/60
Dugar Nagar",Suresh Street,New Delhi,Delhi,400744,2023-12-24 18:43:51
429,Chacko-Wali,27ABCDE0429F1Z9,Diya Bal,6514122318,fbajwa@manne-behl.com,"06/50
Sridhar Marg",Ramachandran Nagar,Mumbai,Maharashtra,045012,2025-01-18 22:14:46
430,Dani-Dani,27ABCDE0430F1Z0,Mamooty Handa,+910900103918,riaan69@hotmail.com,"H.No. 702
Shanker Marg",Hayre Road,New Delhi,Delhi,905201,2021-06-01 20:15:05
431,Jain Group,27ABCDE0431F1Z1,Miraan Dyal,1593212655,hkhalsa@gmail.com,"52/476
Dora Chowk",Rout Chowk,Nagpur,Maharashtra,649640,2023-12-11 12:18:06
432,Chanda-Datta,27ABCDE0432F1Z2,Neysa Mani,+915778944051,diya52@lall.com,"H.No. 929, Sawhney Chowk",Varughese Road,New Delhi,Delhi,111654,2020-07-13 04:39:09
433,"Chandra, Kata and Mahajan",27ABCDE0433F1Z3,Pihu Kant,7292320058,aradhya73@hotmail.com,"H.No. 666, Goswami Ganj",Kadakia Street,Nagpur,Maharashtra,281004,2020-01-10 16:13:49
434,"Chhabra, Sodhi and Hayer",27ABCDE0434F1Z4,Sumer Sekhon,1611683784,jivika67@hotmail.com,"80
Dash Chowk",Deol,New Delhi,Delhi,242653,2022-03-23 11:23:09
435,Luthra PLC,27ABCDE0435F1Z5,Anay Sarna,0063445180,otara@banik-chaudhry.com,"14/893, Soman Chowk",Tata Marg,Pune,Maharashtra,977602,2020-10-28 18:40:51
436,Mahajan-Sheth,27ABCDE0436F1Z6,Gatik Soni,3939315153,vedika97@sachdev.com,"H.No. 89
Srivastava",Brahmbhatt Street,Nagpur,Maharashtra,668314,2020-03-17 05:39:38
437,"Setty, Kari and Chaudhuri",27ABCDE0437F1Z7,Kismat Kala,2645162568,nayantarabose@dalia-kapadia.com,"H.No. 134
Chahal Zila",Bhakta Nagar,New Delhi,Delhi,651307,2023-03-02 14:35:48
438,Barman Ltd,27ABCDE0438F1Z8,Hansh Devi,00124184375,smagar@yahoo.com,"H.No. 142, Sandal Path",Thaman Ganj,New Delhi,Delhi,647727,2025-07-08 14:24:28
439,Magar PLC,27ABCDE0439F1Z9,Ranbir Gala,+910007316004,kimayasheth@tiwari-chhabra.com,"H.No. 114
Dixit Circle",Dass Street,Pune,Maharashtra,159308,2021-02-11 21:43:46
440,"Sharma, Krishna and Bhargava",27ABCDE0440F1Z0,Shlok Krishna,03193188581,hsankaran@hotmail.com,"32/115
Suri Ganj",Kata Marg,Coimbatore,Tamil Nadu,024523,2020-08-21 08:12:56
441,"Sem, Raja and Krishnamurthy",27ABCDE0441F1Z1,Vanya Sani,07822040698,shenoyrati@subramaniam-dubey.net,"592
Krishnan Zila",Kala Nagar,Mysuru,Karnataka,205766,2023-09-28 03:26:10
442,Gera and Sons,27ABCDE0442F1Z2,Shaan Tak,+917008915931,baijugaba@yahoo.com,"49/44
Bhatti Marg",Kuruvilla Marg,Mumbai,Maharashtra,128615,2023-04-28 04:31:37
443,Kunda LLC,27ABCDE0443F1Z3,Aayush Andra,+914657767364,diyakanda@das.com,"32/568, Bir",Bajaj Path,Coimbatore,Tamil Nadu,738493,2023-12-09 21:25:24
444,Chandran PLC,27ABCDE0444F1Z4,Prisha Gulati,07311398010,srinivassaanvi@hotmail.com,"443, Roy Ganj",Bhat Chowk,Surat,Gujarat,991440,2025-05-27 01:41:22
445,Borde-Krishnan,27ABCDE0445F1Z5,Saanvi Kale,3691383036,trisha88@bumb.com,"49/261
Dugal Circle",Khurana Circle,Surat,Gujarat,150066,2025-05-19 06:29:49
446,"Jain, Doshi and Sanghvi",27ABCDE0446F1Z6,Kanav Rattan,08782504111,gokhalejiya@hotmail.com,"32
Dhawan Ganj",Srivastava Circle,Pune,Maharashtra,165418,2020-09-06 17:59:55
447,"Chaudhari, Balan and Koshy",27ABCDE0447F1Z7,Ojas Anand,02206398103,xbava@hotmail.com,"02, Ramanathan Chowk",Suresh Road,New Delhi,Delhi,474533,2020-08-06 20:33:10
448,"Kanda, Das and Goda",27ABCDE0448F1Z8,Reyansh Sharaf,06898179845,divitbehl@yahoo.com,"98/39, Garde Ganj",Shetty Marg,Pune,Maharashtra,991082,2023-10-08 16:59:01
449,Gandhi PLC,27ABCDE0449F1Z9,Gatik Thaman,+917672209660,saksham36@hotmail.com,"H.No. 90
Gara Ganj",Kumer Nagar,Ahmedabad,Gujarat,287020,2020-11-10 21:00:11
450,Verma-Basak,27ABCDE0450F1Z0,Aradhya Ratti,+911962809195,ishita72@hotmail.com,"H.No. 172, Buch Chowk",Kaur Ganj,New Delhi,Delhi,133550,2022-05-26 17:38:19
451,"Sule, Krish and Jain",27ABCDE0451F1Z1,Lagan Loke,+916820869300,upadhyayuthkarsh@sandal.com,"H.No. 70, Mani",Sinha Ganj,Bengaluru,Karnataka,578674,2023-07-19 04:25:22
452,Uppal PLC,27ABCDE0452F1Z2,Prisha Dhawan,09004295950,kantdhanush@yahoo.com,"39/954
Bahri Chowk",Viswanathan,Coimbatore,Tamil Nadu,712390,2022-12-08 14:12:34
453,"Goswami, Datta and Banerjee",27ABCDE0453F1Z3,Drishya Varma,5543623066,dvenkataraman@yahoo.com,"H.No. 70, Ramachandran Ganj",Barad Ganj,Mysuru,Karnataka,758620,2022-03-28 12:58:25
454,Solanki Group,27ABCDE0454F1Z4,Lakshit Chhabra,00619789078,wbhat@hotmail.com,"H.No. 07
Borah Road",Sinha Road,Coimbatore,Tamil Nadu,409823,2024-08-18 04:00:08
455,Shankar-Sangha,27ABCDE0455F1Z5,Eshani Samra,08638128223,bhaktasumer@viswanathan-comar.com,"70, Bhat Circle",Sidhu Marg,New Delhi,Delhi,058343,2021-02-11 04:59:17
456,Chopra Ltd,27ABCDE0456F1Z6,Samar Korpal,+916568515350,kibedarshit@warrior.info,"45/663, Hans Path",Sridhar Street,New Delhi,Delhi,895713,2021-06-20 21:26:40
457,Karan Ltd,27ABCDE0457F1Z7,Shamik Borde,0322601202,bluthra@hotmail.com,"H.No. 760, Bahri Marg",Dua Zila,Surat,Gujarat,077133,2025-06-08 03:55:44
458,Sunder LLC,27ABCDE0458F1Z8,Chirag Karpe,06295117824,shethshayak@gmail.com,"78
Bala Nagar",Vyas Chowk,New Delhi,Delhi,765050,2023-02-13 20:07:29
459,Gaba Ltd,27ABCDE0459F1Z9,Seher Sama,+919903645025,vidurkhatri@yahoo.com,"18
Tara Circle",Sachdev Street,New Delhi,Delhi,974744,2020-04-08 23:49:42
460,"Garde, Dua and Chatterjee",27ABCDE0460F1Z0,Jiya Shenoy,+916243218905,borahtushar@wagle.info,"20/39
Swaminathan Path",Dugar Path,New Delhi,Delhi,156718,2023-06-09 00:58:27
461,Bansal-Goda,27ABCDE0461F1Z1,Baiju Golla,9012507747,boaseaarav@hans.org,"823, Chada Nagar",Chada Marg,Mysuru,Karnataka,987355,2021-12-16 09:14:26
462,Kapoor Group,27ABCDE0462F1Z2,Renee Suri,+914217676177,sara58@hotmail.com,"H.No. 33
Master Marg",Jain Street,Mysuru,Karnataka,291488,2022-09-18 18:16:05
463,Kothari-Lala,27ABCDE0463F1Z3,Hrishita Gour,09348393383,dattamannat@gmail.com,"55/110, Reddy Ganj",Grewal Ganj,Chennai,Tamil Nadu,717589,2024-02-06 07:02:59
464,Sunder Group,27ABCDE0464F1Z4,Azad Balan,8884069353,kulkarnikartik@gmail.com,"48/829
Gour",Sastry Road,New Delhi,Delhi,877154,2022-05-12 10:24:03
465,Som-Kohli,27ABCDE0465F1Z5,Shalv Hegde,7155054590,ehsaan73@raju-krishna.com,"47
Uppal Road",Bassi Road,Bengaluru,Karnataka,850347,2020-06-08 02:44:11
466,Shetty-Kala,27ABCDE0466F1Z6,Vritika Badal,+914341907167,jgolla@dave.com,"305
Jain",Raman,Coimbatore,Tamil Nadu,243869,2025-03-27 05:39:21
467,Samra Inc,27ABCDE0467F1Z7,Ira Dass,0208529579,riaan66@chacko-chacko.info,"H.No. 293, Borde Street",Soman Chowk,Pune,Maharashtra,730231,2020-11-02 09:07:21
468,"Dave, Dhar and Reddy",27ABCDE0468F1Z8,Darshit Kara,3027887452,mamooty67@toor.com,"69
Kannan Nagar",Sengupta Ganj,Surat,Gujarat,637609,2022-02-20 23:17:16
469,Khalsa and Sons,27ABCDE0469F1Z9,Mohanlal Jaggi,9820223720,shamik45@hotmail.com,"40/814, Swaminathan Ganj",Setty Road,Ahmedabad,Gujarat,679389,2025-02-14 07:53:11
470,Batta Ltd,27ABCDE0470F1Z0,Aradhya Varkey,+910763661180,tiyaagrawal@bhasin.com,"H.No. 63
Wali Chowk",Ghosh Ganj,Chennai,Tamil Nadu,182141,2025-03-04 02:39:40
471,Bali LLC,27ABCDE0471F1Z1,Taran Manne,+917865021152,shalvloyal@loke.com,"284
Raja Road",Chada Street,Chennai,Tamil Nadu,719017,2023-11-17 02:21:05
472,Kuruvilla Inc,27ABCDE0472F1Z2,Jayant Borra,02936235785,chadeshani@hotmail.com,"79, Saini Zila",Basu Road,Pune,Maharashtra,362263,2020-03-13 08:51:06
473,"Das, Mani and Khalsa",27ABCDE0473F1Z3,Rania Lala,4454467509,shlokdas@hotmail.com,"06/601, Dutt Street",Sharaf Road,Nagpur,Maharashtra,310003,2023-11-20 19:02:13
474,Ravi-Kumar,27ABCDE0474F1Z4,Alisha Buch,+915483468447,divij45@yahoo.com,"33/31, Hora Nagar",Walla Street,Nagpur,Maharashtra,994861,2021-07-13 00:48:42
475,"Batta, Vaidya and Gopal",27ABCDE0475F1Z5,Aarna Wable,00385836723,lalaabram@seshadri.net,"H.No. 295, Balakrishnan Nagar",Bhalla Road,Mumbai,Maharashtra,404301,2025-05-17 00:28:52
476,Sarraf and Sons,27ABCDE0476F1Z6,Arnav Sinha,08693543665,indrajit83@hotmail.com,"94/510
Ganguly Road",Walla Road,Mysuru,Karnataka,843358,2024-12-17 16:08:11
477,Deshpande Ltd,27ABCDE0477F1Z7,Renee Varkey,03473700860,sethidamini@gmail.com,"32/51, Bhalla Ganj",Chaudhry,Surat,Gujarat,366150,2020-01-24 13:42:04
478,"Singh, Bath and Bumb",27ABCDE0478F1Z8,Miraya Babu,5981317971,crama@gmail.com,"H.No. 822, Atwal",Mani Road,Nagpur,Maharashtra,491172,2021-08-05 13:15:51
479,"Bhakta, Kale and Chaudhari",27ABCDE0479F1Z9,Rhea Tiwari,04232652421,praman@dhillon.com,"846, Sule Zila",Lata Ganj,Surat,Gujarat,163639,2022-02-25 22:38:54
480,"Sur, Thaker and Boase",27ABCDE0480F1Z0,Zoya Kant,9350744319,renee03@hotmail.com,"H.No. 86, Iyengar Path",Dutta Street,New Delhi,Delhi,193191,2020-06-12 16:52:33
481,Barad Ltd,27ABCDE0481F1Z1,Hrishita Chadha,01822347508,dharmajandevan@yahoo.com,"H.No. 06
Venkataraman Nagar",Shenoy Nagar,Bengaluru,Karnataka,999995,2020-09-17 20:28:36
482,Dube Group,27ABCDE0482F1Z2,Umang Khurana,2887606811,jayanbava@lal.com,"33/20
Tailor Ganj",Sinha Chowk,Nagpur,Maharashtra,273984,2022-03-06 10:47:05
483,Dash-Chandra,27ABCDE0483F1Z3,Indrans Verma,+918669740131,aarav89@gmail.com,"61, Goel Circle",Bose,Nagpur,Maharashtra,150496,2022-03-25 19:10:06
484,Buch Ltd,27ABCDE0484F1Z4,Yakshit Sekhon,0807120580,shanaya19@gmail.com,"H.No. 96, Sarraf Circle",Sankaran Chowk,Coimbatore,Tamil Nadu,359268,2022-10-09 21:33:39
485,"Sarin, Vyas and Dash",27ABCDE0485F1Z5,Lagan Gulati,+915366051537,hguha@bhandari-rastogi.com,"H.No. 67
Rattan Circle",Sanghvi Path,Mysuru,Karnataka,394766,2023-12-17 09:22:32
486,Venkataraman-Wadhwa,27ABCDE0486F1Z6,Tushar Dani,4155081306,ravelaarush@sankaran.com,"65/62, Chopra Road",Date Path,Bengaluru,Karnataka,656713,2020-10-16 04:37:24
487,Toor PLC,27ABCDE0487F1Z7,Sahil Swamy,05076470602,rhari@borde.net,"H.No. 62
Karnik Circle",Bhandari Chowk,Ahmedabad,Gujarat,830515,2025-02-11 07:46:59
488,"Chada, Bajwa and Raval",27ABCDE0488F1Z8,Kartik Chakraborty,09727817301,riaan25@yahoo.com,"18/003, Kata Marg",Dar Nagar,New Delhi,Delhi,250846,2023-06-07 14:54:54
489,Kala Group,27ABCDE0489F1Z9,Zain Sarkar,+912408111399,kapuraarush@johal.com,"078
Thaker Marg",Dara Marg,Surat,Gujarat,237718,2020-11-16 11:54:13
490,"Subramaniam, Sengupta and Bhasin",27ABCDE0490F1Z0,Samar Lata,06844014888,lakshittripathi@hotmail.com,"14/50
Chhabra Nagar",Sachdev Marg,Pune,Maharashtra,656476,2021-02-10 20:16:36
491,Wali PLC,27ABCDE0491F1Z1,Biju Chaudhari,+916130456453,ishita85@gmail.com,"73/60, Baria Nagar",Kota Ganj,Chennai,Tamil Nadu,428013,2023-04-11 11:45:19
492,"Chander, Bahl and Bath",27ABCDE0492F1Z2,Aarush Brahmbhatt,9180849968,abramlanka@yahoo.com,"234, Apte Chowk",Dalal Path,Ahmedabad,Gujarat,474294,2024-05-25 12:45:49
493,"Wali, Sani and Kohli",27ABCDE0493F1Z3,Saksham Iyer,09165306263,anyawadhwa@goswami.com,"54/295
Rajagopalan Zila",Bhargava,Coimbatore,Tamil Nadu,373936,2024-08-15 17:57:52
494,Gade-Dugar,27ABCDE0494F1Z4,Chirag Saraf,2884872266,soodritvik@khatri.com,"959
Kibe Nagar",Dua Circle,Ahmedabad,Gujarat,565031,2024-11-02 13:02:51
495,Srinivas-Gala,27ABCDE0495F1Z5,Keya Zacharia,1488338284,armaan33@devi.info,"12
Sachdeva Zila",Toor Path,New Delhi,Delhi,683086,2021-12-22 01:43:01
496,"Joshi, Chakraborty and Sundaram",27ABCDE0496F1Z6,Tara Sheth,08619846325,miraanvenkataraman@jaggi.com,"88/690
Edwin Road",Chaudry Road,New Delhi,Delhi,225805,2021-09-14 00:25:37
497,Ramesh-Khatri,27ABCDE0497F1Z7,Mohanlal Doctor,07479810799,dugalshalv@datta.com,"369, Bajwa Path",Bhat Marg,Nagpur,Maharashtra,695605,2025-04-30 04:22:13
498,Bhakta Ltd,27ABCDE0498F1Z8,Manjari Sahota,+919834724129,ojas59@choudhary-karnik.net,"629, Agate",Kar Circle,Ahmedabad,Gujarat,198360,2021-02-06 16:59:29
499,"Ghose, Acharya and Tara",27ABCDE0499F1Z9,Azad Dhawan,2801572896,rajagopalhiran@jha-shah.biz,"76/86
Solanki Chowk",Chaudry Zila,Mysuru,Karnataka,503315,2020-03-07 23:35:40
500,"Yogi, Sem and Dhawan",27ABCDE0500F1Z0,Jayant Mander,9356663564,karaemir@lata-dhawan.com,"01/203
Batta Chowk",Wason Street,Mysuru,Karnataka,924028,2022-06-18 02:45:18
